-- Tabla mgs_p_area_educacion
insert into mgs_p_area_educacion( nombre, fecha_modifica, id_area, estado, usuario_modifica, usuario_crea, fecha_crea ) values ( 'nombre0', '2014-01-01 00:00:00', 0, 'ESTADOENUM_1', 'usuario_modifica0', 'usuario_crea0', '2014-01-01 00:00:00' );
insert into mgs_p_area_educacion( nombre, fecha_modifica, id_area, estado, usuario_modifica, usuario_crea, fecha_crea ) values ( 'nombre1', '2014-01-01 00:00:00', 1, 'ESTADOENUM_1', 'usuario_modifica1', 'usuario_crea1', '2014-01-01 00:00:00' );
insert into mgs_p_area_educacion( nombre, fecha_modifica, id_area, estado, usuario_modifica, usuario_crea, fecha_crea ) values ( 'nombre2', '2014-01-01 00:00:00', 2, 'ESTADOENUM_1', 'usuario_modifica2', 'usuario_crea2', '2014-01-01 00:00:00' );
insert into mgs_p_area_educacion( nombre, fecha_modifica, id_area, estado, usuario_modifica, usuario_crea, fecha_crea ) values ( 'nombre3', '2014-01-01 00:00:00', 3, 'ESTADOENUM_1', 'usuario_modifica3', 'usuario_crea3', '2014-01-01 00:00:00' );
insert into mgs_p_area_educacion( nombre, fecha_modifica, id_area, estado, usuario_modifica, usuario_crea, fecha_crea ) values ( 'nombre4', '2014-01-01 00:00:00', 4, 'ESTADOENUM_1', 'usuario_modifica4', 'usuario_crea4', '2014-01-01 00:00:00' );
insert into mgs_p_area_educacion( nombre, fecha_modifica, id_area, estado, usuario_modifica, usuario_crea, fecha_crea ) values ( 'nombre5', '2014-01-01 00:00:00', 5, 'ESTADOENUM_1', 'usuario_modifica5', 'usuario_crea5', '2014-01-01 00:00:00' );
insert into mgs_p_area_educacion( nombre, fecha_modifica, id_area, estado, usuario_modifica, usuario_crea, fecha_crea ) values ( 'nombre6', '2014-01-01 00:00:00', 6, 'ESTADOENUM_1', 'usuario_modifica6', 'usuario_crea6', '2014-01-01 00:00:00' );
insert into mgs_p_area_educacion( nombre, fecha_modifica, id_area, estado, usuario_modifica, usuario_crea, fecha_crea ) values ( 'nombre7', '2014-01-01 00:00:00', 7, 'ESTADOENUM_1', 'usuario_modifica7', 'usuario_crea7', '2014-01-01 00:00:00' );
insert into mgs_p_area_educacion( nombre, fecha_modifica, id_area, estado, usuario_modifica, usuario_crea, fecha_crea ) values ( 'nombre8', '2014-01-01 00:00:00', 8, 'ESTADOENUM_1', 'usuario_modifica8', 'usuario_crea8', '2014-01-01 00:00:00' );
insert into mgs_p_area_educacion( nombre, fecha_modifica, id_area, estado, usuario_modifica, usuario_crea, fecha_crea ) values ( 'nombre9', '2014-01-01 00:00:00', 9, 'ESTADOENUM_1', 'usuario_modifica9', 'usuario_crea9', '2014-01-01 00:00:00' );

-- Tabla mgs_p_tipo_vivienda
insert into mgs_p_tipo_vivienda( fecha_modifica, estado, valor, usuario_modifica, usuario_crea, fecha_crea, id_p_tipo_vivienda ) values ( '2014-01-01 00:00:00', 'ESTADOENUM_1', 'valor0', 'usuario_modifica0', 'usuario_crea0', '2014-01-01 00:00:00', 0 );
insert into mgs_p_tipo_vivienda( fecha_modifica, estado, valor, usuario_modifica, usuario_crea, fecha_crea, id_p_tipo_vivienda ) values ( '2014-01-01 00:00:00', 'ESTADOENUM_1', 'valor1', 'usuario_modifica1', 'usuario_crea1', '2014-01-01 00:00:00', 1 );
insert into mgs_p_tipo_vivienda( fecha_modifica, estado, valor, usuario_modifica, usuario_crea, fecha_crea, id_p_tipo_vivienda ) values ( '2014-01-01 00:00:00', 'ESTADOENUM_1', 'valor2', 'usuario_modifica2', 'usuario_crea2', '2014-01-01 00:00:00', 2 );
insert into mgs_p_tipo_vivienda( fecha_modifica, estado, valor, usuario_modifica, usuario_crea, fecha_crea, id_p_tipo_vivienda ) values ( '2014-01-01 00:00:00', 'ESTADOENUM_1', 'valor3', 'usuario_modifica3', 'usuario_crea3', '2014-01-01 00:00:00', 3 );
insert into mgs_p_tipo_vivienda( fecha_modifica, estado, valor, usuario_modifica, usuario_crea, fecha_crea, id_p_tipo_vivienda ) values ( '2014-01-01 00:00:00', 'ESTADOENUM_1', 'valor4', 'usuario_modifica4', 'usuario_crea4', '2014-01-01 00:00:00', 4 );
insert into mgs_p_tipo_vivienda( fecha_modifica, estado, valor, usuario_modifica, usuario_crea, fecha_crea, id_p_tipo_vivienda ) values ( '2014-01-01 00:00:00', 'ESTADOENUM_1', 'valor5', 'usuario_modifica5', 'usuario_crea5', '2014-01-01 00:00:00', 5 );
insert into mgs_p_tipo_vivienda( fecha_modifica, estado, valor, usuario_modifica, usuario_crea, fecha_crea, id_p_tipo_vivienda ) values ( '2014-01-01 00:00:00', 'ESTADOENUM_1', 'valor6', 'usuario_modifica6', 'usuario_crea6', '2014-01-01 00:00:00', 6 );
insert into mgs_p_tipo_vivienda( fecha_modifica, estado, valor, usuario_modifica, usuario_crea, fecha_crea, id_p_tipo_vivienda ) values ( '2014-01-01 00:00:00', 'ESTADOENUM_1', 'valor7', 'usuario_modifica7', 'usuario_crea7', '2014-01-01 00:00:00', 7 );
insert into mgs_p_tipo_vivienda( fecha_modifica, estado, valor, usuario_modifica, usuario_crea, fecha_crea, id_p_tipo_vivienda ) values ( '2014-01-01 00:00:00', 'ESTADOENUM_1', 'valor8', 'usuario_modifica8', 'usuario_crea8', '2014-01-01 00:00:00', 8 );
insert into mgs_p_tipo_vivienda( fecha_modifica, estado, valor, usuario_modifica, usuario_crea, fecha_crea, id_p_tipo_vivienda ) values ( '2014-01-01 00:00:00', 'ESTADOENUM_1', 'valor9', 'usuario_modifica9', 'usuario_crea9', '2014-01-01 00:00:00', 9 );

-- Tabla mgs_p_servicio
insert into mgs_p_servicio( nombre, fecha_modifica, estado, usuario_modifica, tipo_servicio, usuario_crea, fecha_crea, id_servicio ) values ( 'nombre0', '2014-01-01 00:00:00', 'ESTADOENUM_1', 'usuario_modifica0', 'tipo_servicio0', 'usuario_crea0', '2014-01-01 00:00:00', 0 );
insert into mgs_p_servicio( nombre, fecha_modifica, estado, usuario_modifica, tipo_servicio, usuario_crea, fecha_crea, id_servicio ) values ( 'nombre1', '2014-01-01 00:00:00', 'ESTADOENUM_1', 'usuario_modifica1', 'tipo_servicio1', 'usuario_crea1', '2014-01-01 00:00:00', 1 );
insert into mgs_p_servicio( nombre, fecha_modifica, estado, usuario_modifica, tipo_servicio, usuario_crea, fecha_crea, id_servicio ) values ( 'nombre2', '2014-01-01 00:00:00', 'ESTADOENUM_1', 'usuario_modifica2', 'tipo_servicio2', 'usuario_crea2', '2014-01-01 00:00:00', 2 );
insert into mgs_p_servicio( nombre, fecha_modifica, estado, usuario_modifica, tipo_servicio, usuario_crea, fecha_crea, id_servicio ) values ( 'nombre3', '2014-01-01 00:00:00', 'ESTADOENUM_1', 'usuario_modifica3', 'tipo_servicio3', 'usuario_crea3', '2014-01-01 00:00:00', 3 );
insert into mgs_p_servicio( nombre, fecha_modifica, estado, usuario_modifica, tipo_servicio, usuario_crea, fecha_crea, id_servicio ) values ( 'nombre4', '2014-01-01 00:00:00', 'ESTADOENUM_1', 'usuario_modifica4', 'tipo_servicio4', 'usuario_crea4', '2014-01-01 00:00:00', 4 );
insert into mgs_p_servicio( nombre, fecha_modifica, estado, usuario_modifica, tipo_servicio, usuario_crea, fecha_crea, id_servicio ) values ( 'nombre5', '2014-01-01 00:00:00', 'ESTADOENUM_1', 'usuario_modifica5', 'tipo_servicio5', 'usuario_crea5', '2014-01-01 00:00:00', 5 );
insert into mgs_p_servicio( nombre, fecha_modifica, estado, usuario_modifica, tipo_servicio, usuario_crea, fecha_crea, id_servicio ) values ( 'nombre6', '2014-01-01 00:00:00', 'ESTADOENUM_1', 'usuario_modifica6', 'tipo_servicio6', 'usuario_crea6', '2014-01-01 00:00:00', 6 );
insert into mgs_p_servicio( nombre, fecha_modifica, estado, usuario_modifica, tipo_servicio, usuario_crea, fecha_crea, id_servicio ) values ( 'nombre7', '2014-01-01 00:00:00', 'ESTADOENUM_1', 'usuario_modifica7', 'tipo_servicio7', 'usuario_crea7', '2014-01-01 00:00:00', 7 );
insert into mgs_p_servicio( nombre, fecha_modifica, estado, usuario_modifica, tipo_servicio, usuario_crea, fecha_crea, id_servicio ) values ( 'nombre8', '2014-01-01 00:00:00', 'ESTADOENUM_1', 'usuario_modifica8', 'tipo_servicio8', 'usuario_crea8', '2014-01-01 00:00:00', 8 );
insert into mgs_p_servicio( nombre, fecha_modifica, estado, usuario_modifica, tipo_servicio, usuario_crea, fecha_crea, id_servicio ) values ( 'nombre9', '2014-01-01 00:00:00', 'ESTADOENUM_1', 'usuario_modifica9', 'tipo_servicio9', 'usuario_crea9', '2014-01-01 00:00:00', 9 );

-- Tabla mgs_p_grupo_etnico
insert into mgs_p_grupo_etnico( fecha_modifica, estado, id_p_grupo_etnico, valor, usuario_modifica, usuario_crea, fecha_crea ) values ( '2014-01-01 00:00:00', 'ESTADOENUM_1', 0, 'valor0', 'usuario_modifica0', 'usuario_crea0', '2014-01-01 00:00:00' );
insert into mgs_p_grupo_etnico( fecha_modifica, estado, id_p_grupo_etnico, valor, usuario_modifica, usuario_crea, fecha_crea ) values ( '2014-01-01 00:00:00', 'ESTADOENUM_1', 1, 'valor1', 'usuario_modifica1', 'usuario_crea1', '2014-01-01 00:00:00' );
insert into mgs_p_grupo_etnico( fecha_modifica, estado, id_p_grupo_etnico, valor, usuario_modifica, usuario_crea, fecha_crea ) values ( '2014-01-01 00:00:00', 'ESTADOENUM_1', 2, 'valor2', 'usuario_modifica2', 'usuario_crea2', '2014-01-01 00:00:00' );
insert into mgs_p_grupo_etnico( fecha_modifica, estado, id_p_grupo_etnico, valor, usuario_modifica, usuario_crea, fecha_crea ) values ( '2014-01-01 00:00:00', 'ESTADOENUM_1', 3, 'valor3', 'usuario_modifica3', 'usuario_crea3', '2014-01-01 00:00:00' );
insert into mgs_p_grupo_etnico( fecha_modifica, estado, id_p_grupo_etnico, valor, usuario_modifica, usuario_crea, fecha_crea ) values ( '2014-01-01 00:00:00', 'ESTADOENUM_1', 4, 'valor4', 'usuario_modifica4', 'usuario_crea4', '2014-01-01 00:00:00' );
insert into mgs_p_grupo_etnico( fecha_modifica, estado, id_p_grupo_etnico, valor, usuario_modifica, usuario_crea, fecha_crea ) values ( '2014-01-01 00:00:00', 'ESTADOENUM_1', 5, 'valor5', 'usuario_modifica5', 'usuario_crea5', '2014-01-01 00:00:00' );
insert into mgs_p_grupo_etnico( fecha_modifica, estado, id_p_grupo_etnico, valor, usuario_modifica, usuario_crea, fecha_crea ) values ( '2014-01-01 00:00:00', 'ESTADOENUM_1', 6, 'valor6', 'usuario_modifica6', 'usuario_crea6', '2014-01-01 00:00:00' );
insert into mgs_p_grupo_etnico( fecha_modifica, estado, id_p_grupo_etnico, valor, usuario_modifica, usuario_crea, fecha_crea ) values ( '2014-01-01 00:00:00', 'ESTADOENUM_1', 7, 'valor7', 'usuario_modifica7', 'usuario_crea7', '2014-01-01 00:00:00' );
insert into mgs_p_grupo_etnico( fecha_modifica, estado, id_p_grupo_etnico, valor, usuario_modifica, usuario_crea, fecha_crea ) values ( '2014-01-01 00:00:00', 'ESTADOENUM_1', 8, 'valor8', 'usuario_modifica8', 'usuario_crea8', '2014-01-01 00:00:00' );
insert into mgs_p_grupo_etnico( fecha_modifica, estado, id_p_grupo_etnico, valor, usuario_modifica, usuario_crea, fecha_crea ) values ( '2014-01-01 00:00:00', 'ESTADOENUM_1', 9, 'valor9', 'usuario_modifica9', 'usuario_crea9', '2014-01-01 00:00:00' );

-- Tabla mgs_p_estado_via
insert into mgs_p_estado_via( fecha_modifica, estado, valor, usuario_modifica, usuario_crea, id_p_estado_via, fecha_crea ) values ( '2014-01-01 00:00:00', 'ESTADOENUM_1', 'valor0', 'usuario_modifica0', 'usuario_crea0', 0, '2014-01-01 00:00:00' );
insert into mgs_p_estado_via( fecha_modifica, estado, valor, usuario_modifica, usuario_crea, id_p_estado_via, fecha_crea ) values ( '2014-01-01 00:00:00', 'ESTADOENUM_1', 'valor1', 'usuario_modifica1', 'usuario_crea1', 1, '2014-01-01 00:00:00' );
insert into mgs_p_estado_via( fecha_modifica, estado, valor, usuario_modifica, usuario_crea, id_p_estado_via, fecha_crea ) values ( '2014-01-01 00:00:00', 'ESTADOENUM_1', 'valor2', 'usuario_modifica2', 'usuario_crea2', 2, '2014-01-01 00:00:00' );
insert into mgs_p_estado_via( fecha_modifica, estado, valor, usuario_modifica, usuario_crea, id_p_estado_via, fecha_crea ) values ( '2014-01-01 00:00:00', 'ESTADOENUM_1', 'valor3', 'usuario_modifica3', 'usuario_crea3', 3, '2014-01-01 00:00:00' );
insert into mgs_p_estado_via( fecha_modifica, estado, valor, usuario_modifica, usuario_crea, id_p_estado_via, fecha_crea ) values ( '2014-01-01 00:00:00', 'ESTADOENUM_1', 'valor4', 'usuario_modifica4', 'usuario_crea4', 4, '2014-01-01 00:00:00' );
insert into mgs_p_estado_via( fecha_modifica, estado, valor, usuario_modifica, usuario_crea, id_p_estado_via, fecha_crea ) values ( '2014-01-01 00:00:00', 'ESTADOENUM_1', 'valor5', 'usuario_modifica5', 'usuario_crea5', 5, '2014-01-01 00:00:00' );
insert into mgs_p_estado_via( fecha_modifica, estado, valor, usuario_modifica, usuario_crea, id_p_estado_via, fecha_crea ) values ( '2014-01-01 00:00:00', 'ESTADOENUM_1', 'valor6', 'usuario_modifica6', 'usuario_crea6', 6, '2014-01-01 00:00:00' );
insert into mgs_p_estado_via( fecha_modifica, estado, valor, usuario_modifica, usuario_crea, id_p_estado_via, fecha_crea ) values ( '2014-01-01 00:00:00', 'ESTADOENUM_1', 'valor7', 'usuario_modifica7', 'usuario_crea7', 7, '2014-01-01 00:00:00' );
insert into mgs_p_estado_via( fecha_modifica, estado, valor, usuario_modifica, usuario_crea, id_p_estado_via, fecha_crea ) values ( '2014-01-01 00:00:00', 'ESTADOENUM_1', 'valor8', 'usuario_modifica8', 'usuario_crea8', 8, '2014-01-01 00:00:00' );
insert into mgs_p_estado_via( fecha_modifica, estado, valor, usuario_modifica, usuario_crea, id_p_estado_via, fecha_crea ) values ( '2014-01-01 00:00:00', 'ESTADOENUM_1', 'valor9', 'usuario_modifica9', 'usuario_crea9', 9, '2014-01-01 00:00:00' );

-- Tabla mgs_p_parametro_general
insert into mgs_p_parametro_general( tipo_parametro, fecha_modifica, estado, valor, usuario_modifica, descripcion, usuario_crea, fecha_crea, clave, id_parametro ) values ( 'TIPOPARAMETROENUM_1', '2014-01-01 00:00:00', 'ESTADOENUM_1', 'valor0', 'usuario_modifica0', 'descripcion0', 'usuario_crea0', '2014-01-01 00:00:00', 'clave0', 0 );
insert into mgs_p_parametro_general( tipo_parametro, fecha_modifica, estado, valor, usuario_modifica, descripcion, usuario_crea, fecha_crea, clave, id_parametro ) values ( 'TIPOPARAMETROENUM_1', '2014-01-01 00:00:00', 'ESTADOENUM_1', 'valor1', 'usuario_modifica1', 'descripcion1', 'usuario_crea1', '2014-01-01 00:00:00', 'clave1', 1 );
insert into mgs_p_parametro_general( tipo_parametro, fecha_modifica, estado, valor, usuario_modifica, descripcion, usuario_crea, fecha_crea, clave, id_parametro ) values ( 'TIPOPARAMETROENUM_1', '2014-01-01 00:00:00', 'ESTADOENUM_1', 'valor2', 'usuario_modifica2', 'descripcion2', 'usuario_crea2', '2014-01-01 00:00:00', 'clave2', 2 );
insert into mgs_p_parametro_general( tipo_parametro, fecha_modifica, estado, valor, usuario_modifica, descripcion, usuario_crea, fecha_crea, clave, id_parametro ) values ( 'TIPOPARAMETROENUM_1', '2014-01-01 00:00:00', 'ESTADOENUM_1', 'valor3', 'usuario_modifica3', 'descripcion3', 'usuario_crea3', '2014-01-01 00:00:00', 'clave3', 3 );
insert into mgs_p_parametro_general( tipo_parametro, fecha_modifica, estado, valor, usuario_modifica, descripcion, usuario_crea, fecha_crea, clave, id_parametro ) values ( 'TIPOPARAMETROENUM_1', '2014-01-01 00:00:00', 'ESTADOENUM_1', 'valor4', 'usuario_modifica4', 'descripcion4', 'usuario_crea4', '2014-01-01 00:00:00', 'clave4', 4 );
insert into mgs_p_parametro_general( tipo_parametro, fecha_modifica, estado, valor, usuario_modifica, descripcion, usuario_crea, fecha_crea, clave, id_parametro ) values ( 'TIPOPARAMETROENUM_1', '2014-01-01 00:00:00', 'ESTADOENUM_1', 'valor5', 'usuario_modifica5', 'descripcion5', 'usuario_crea5', '2014-01-01 00:00:00', 'clave5', 5 );
insert into mgs_p_parametro_general( tipo_parametro, fecha_modifica, estado, valor, usuario_modifica, descripcion, usuario_crea, fecha_crea, clave, id_parametro ) values ( 'TIPOPARAMETROENUM_1', '2014-01-01 00:00:00', 'ESTADOENUM_1', 'valor6', 'usuario_modifica6', 'descripcion6', 'usuario_crea6', '2014-01-01 00:00:00', 'clave6', 6 );
insert into mgs_p_parametro_general( tipo_parametro, fecha_modifica, estado, valor, usuario_modifica, descripcion, usuario_crea, fecha_crea, clave, id_parametro ) values ( 'TIPOPARAMETROENUM_1', '2014-01-01 00:00:00', 'ESTADOENUM_1', 'valor7', 'usuario_modifica7', 'descripcion7', 'usuario_crea7', '2014-01-01 00:00:00', 'clave7', 7 );
insert into mgs_p_parametro_general( tipo_parametro, fecha_modifica, estado, valor, usuario_modifica, descripcion, usuario_crea, fecha_crea, clave, id_parametro ) values ( 'TIPOPARAMETROENUM_1', '2014-01-01 00:00:00', 'ESTADOENUM_1', 'valor8', 'usuario_modifica8', 'descripcion8', 'usuario_crea8', '2014-01-01 00:00:00', 'clave8', 8 );
insert into mgs_p_parametro_general( tipo_parametro, fecha_modifica, estado, valor, usuario_modifica, descripcion, usuario_crea, fecha_crea, clave, id_parametro ) values ( 'TIPOPARAMETROENUM_1', '2014-01-01 00:00:00', 'ESTADOENUM_1', 'valor9', 'usuario_modifica9', 'descripcion9', 'usuario_crea9', '2014-01-01 00:00:00', 'clave9', 9 );

-- Tabla mgs_p_estado_actividad
insert into mgs_p_estado_actividad( fecha_modifica, estado, valor, usuario_modifica, usuario_crea, id_p_estado, fecha_crea ) values ( '2014-01-01 00:00:00', 'ESTADOENUM_1', 'valor0', 'usuario_modifica0', 'usuario_crea0', 0, '2014-01-01 00:00:00' );
insert into mgs_p_estado_actividad( fecha_modifica, estado, valor, usuario_modifica, usuario_crea, id_p_estado, fecha_crea ) values ( '2014-01-01 00:00:00', 'ESTADOENUM_1', 'valor1', 'usuario_modifica1', 'usuario_crea1', 1, '2014-01-01 00:00:00' );
insert into mgs_p_estado_actividad( fecha_modifica, estado, valor, usuario_modifica, usuario_crea, id_p_estado, fecha_crea ) values ( '2014-01-01 00:00:00', 'ESTADOENUM_1', 'valor2', 'usuario_modifica2', 'usuario_crea2', 2, '2014-01-01 00:00:00' );
insert into mgs_p_estado_actividad( fecha_modifica, estado, valor, usuario_modifica, usuario_crea, id_p_estado, fecha_crea ) values ( '2014-01-01 00:00:00', 'ESTADOENUM_1', 'valor3', 'usuario_modifica3', 'usuario_crea3', 3, '2014-01-01 00:00:00' );
insert into mgs_p_estado_actividad( fecha_modifica, estado, valor, usuario_modifica, usuario_crea, id_p_estado, fecha_crea ) values ( '2014-01-01 00:00:00', 'ESTADOENUM_1', 'valor4', 'usuario_modifica4', 'usuario_crea4', 4, '2014-01-01 00:00:00' );
insert into mgs_p_estado_actividad( fecha_modifica, estado, valor, usuario_modifica, usuario_crea, id_p_estado, fecha_crea ) values ( '2014-01-01 00:00:00', 'ESTADOENUM_1', 'valor5', 'usuario_modifica5', 'usuario_crea5', 5, '2014-01-01 00:00:00' );
insert into mgs_p_estado_actividad( fecha_modifica, estado, valor, usuario_modifica, usuario_crea, id_p_estado, fecha_crea ) values ( '2014-01-01 00:00:00', 'ESTADOENUM_1', 'valor6', 'usuario_modifica6', 'usuario_crea6', 6, '2014-01-01 00:00:00' );
insert into mgs_p_estado_actividad( fecha_modifica, estado, valor, usuario_modifica, usuario_crea, id_p_estado, fecha_crea ) values ( '2014-01-01 00:00:00', 'ESTADOENUM_1', 'valor7', 'usuario_modifica7', 'usuario_crea7', 7, '2014-01-01 00:00:00' );
insert into mgs_p_estado_actividad( fecha_modifica, estado, valor, usuario_modifica, usuario_crea, id_p_estado, fecha_crea ) values ( '2014-01-01 00:00:00', 'ESTADOENUM_1', 'valor8', 'usuario_modifica8', 'usuario_crea8', 8, '2014-01-01 00:00:00' );
insert into mgs_p_estado_actividad( fecha_modifica, estado, valor, usuario_modifica, usuario_crea, id_p_estado, fecha_crea ) values ( '2014-01-01 00:00:00', 'ESTADOENUM_1', 'valor9', 'usuario_modifica9', 'usuario_crea9', 9, '2014-01-01 00:00:00' );

-- Tabla mgs_p_linea_intervencion
insert into mgs_p_linea_intervencion( fecha_modifica, id_p_linea_intervencion, estado, valor, usuario_modifica, usuario_crea, fecha_crea ) values ( '2014-01-01 00:00:00', 0, 'ESTADOENUM_1', 'valor0', 'usuario_modifica0', 'usuario_crea0', '2014-01-01 00:00:00' );
insert into mgs_p_linea_intervencion( fecha_modifica, id_p_linea_intervencion, estado, valor, usuario_modifica, usuario_crea, fecha_crea ) values ( '2014-01-01 00:00:00', 1, 'ESTADOENUM_1', 'valor1', 'usuario_modifica1', 'usuario_crea1', '2014-01-01 00:00:00' );
insert into mgs_p_linea_intervencion( fecha_modifica, id_p_linea_intervencion, estado, valor, usuario_modifica, usuario_crea, fecha_crea ) values ( '2014-01-01 00:00:00', 2, 'ESTADOENUM_1', 'valor2', 'usuario_modifica2', 'usuario_crea2', '2014-01-01 00:00:00' );
insert into mgs_p_linea_intervencion( fecha_modifica, id_p_linea_intervencion, estado, valor, usuario_modifica, usuario_crea, fecha_crea ) values ( '2014-01-01 00:00:00', 3, 'ESTADOENUM_1', 'valor3', 'usuario_modifica3', 'usuario_crea3', '2014-01-01 00:00:00' );
insert into mgs_p_linea_intervencion( fecha_modifica, id_p_linea_intervencion, estado, valor, usuario_modifica, usuario_crea, fecha_crea ) values ( '2014-01-01 00:00:00', 4, 'ESTADOENUM_1', 'valor4', 'usuario_modifica4', 'usuario_crea4', '2014-01-01 00:00:00' );
insert into mgs_p_linea_intervencion( fecha_modifica, id_p_linea_intervencion, estado, valor, usuario_modifica, usuario_crea, fecha_crea ) values ( '2014-01-01 00:00:00', 5, 'ESTADOENUM_1', 'valor5', 'usuario_modifica5', 'usuario_crea5', '2014-01-01 00:00:00' );
insert into mgs_p_linea_intervencion( fecha_modifica, id_p_linea_intervencion, estado, valor, usuario_modifica, usuario_crea, fecha_crea ) values ( '2014-01-01 00:00:00', 6, 'ESTADOENUM_1', 'valor6', 'usuario_modifica6', 'usuario_crea6', '2014-01-01 00:00:00' );
insert into mgs_p_linea_intervencion( fecha_modifica, id_p_linea_intervencion, estado, valor, usuario_modifica, usuario_crea, fecha_crea ) values ( '2014-01-01 00:00:00', 7, 'ESTADOENUM_1', 'valor7', 'usuario_modifica7', 'usuario_crea7', '2014-01-01 00:00:00' );
insert into mgs_p_linea_intervencion( fecha_modifica, id_p_linea_intervencion, estado, valor, usuario_modifica, usuario_crea, fecha_crea ) values ( '2014-01-01 00:00:00', 8, 'ESTADOENUM_1', 'valor8', 'usuario_modifica8', 'usuario_crea8', '2014-01-01 00:00:00' );
insert into mgs_p_linea_intervencion( fecha_modifica, id_p_linea_intervencion, estado, valor, usuario_modifica, usuario_crea, fecha_crea ) values ( '2014-01-01 00:00:00', 9, 'ESTADOENUM_1', 'valor9', 'usuario_modifica9', 'usuario_crea9', '2014-01-01 00:00:00' );

-- Tabla mgs_p_problema_comunidad
insert into mgs_p_problema_comunidad( fecha_modifica, estado, valor, usuario_modifica, usuario_crea, fecha_crea, id_p_problema ) values ( '2014-01-01 00:00:00', 'ESTADOENUM_1', 'valor0', 'usuario_modifica0', 'usuario_crea0', '2014-01-01 00:00:00', 0 );
insert into mgs_p_problema_comunidad( fecha_modifica, estado, valor, usuario_modifica, usuario_crea, fecha_crea, id_p_problema ) values ( '2014-01-01 00:00:00', 'ESTADOENUM_1', 'valor1', 'usuario_modifica1', 'usuario_crea1', '2014-01-01 00:00:00', 1 );
insert into mgs_p_problema_comunidad( fecha_modifica, estado, valor, usuario_modifica, usuario_crea, fecha_crea, id_p_problema ) values ( '2014-01-01 00:00:00', 'ESTADOENUM_1', 'valor2', 'usuario_modifica2', 'usuario_crea2', '2014-01-01 00:00:00', 2 );
insert into mgs_p_problema_comunidad( fecha_modifica, estado, valor, usuario_modifica, usuario_crea, fecha_crea, id_p_problema ) values ( '2014-01-01 00:00:00', 'ESTADOENUM_1', 'valor3', 'usuario_modifica3', 'usuario_crea3', '2014-01-01 00:00:00', 3 );
insert into mgs_p_problema_comunidad( fecha_modifica, estado, valor, usuario_modifica, usuario_crea, fecha_crea, id_p_problema ) values ( '2014-01-01 00:00:00', 'ESTADOENUM_1', 'valor4', 'usuario_modifica4', 'usuario_crea4', '2014-01-01 00:00:00', 4 );
insert into mgs_p_problema_comunidad( fecha_modifica, estado, valor, usuario_modifica, usuario_crea, fecha_crea, id_p_problema ) values ( '2014-01-01 00:00:00', 'ESTADOENUM_1', 'valor5', 'usuario_modifica5', 'usuario_crea5', '2014-01-01 00:00:00', 5 );
insert into mgs_p_problema_comunidad( fecha_modifica, estado, valor, usuario_modifica, usuario_crea, fecha_crea, id_p_problema ) values ( '2014-01-01 00:00:00', 'ESTADOENUM_1', 'valor6', 'usuario_modifica6', 'usuario_crea6', '2014-01-01 00:00:00', 6 );
insert into mgs_p_problema_comunidad( fecha_modifica, estado, valor, usuario_modifica, usuario_crea, fecha_crea, id_p_problema ) values ( '2014-01-01 00:00:00', 'ESTADOENUM_1', 'valor7', 'usuario_modifica7', 'usuario_crea7', '2014-01-01 00:00:00', 7 );
insert into mgs_p_problema_comunidad( fecha_modifica, estado, valor, usuario_modifica, usuario_crea, fecha_crea, id_p_problema ) values ( '2014-01-01 00:00:00', 'ESTADOENUM_1', 'valor8', 'usuario_modifica8', 'usuario_crea8', '2014-01-01 00:00:00', 8 );
insert into mgs_p_problema_comunidad( fecha_modifica, estado, valor, usuario_modifica, usuario_crea, fecha_crea, id_p_problema ) values ( '2014-01-01 00:00:00', 'ESTADOENUM_1', 'valor9', 'usuario_modifica9', 'usuario_crea9', '2014-01-01 00:00:00', 9 );

-- Tabla mgs_indicador
insert into mgs_indicador( nombre, fecha_modifica, estado, usuario_modifica, id_indicador, usuario_crea, fecha_crea, meta ) values ( 'nombre0', '2014-01-01 00:00:00', 'ESTADOENUM_1', 'usuario_modifica0', 0, 'usuario_crea0', '2014-01-01 00:00:00', 0 );
insert into mgs_indicador( nombre, fecha_modifica, estado, usuario_modifica, id_indicador, usuario_crea, fecha_crea, meta ) values ( 'nombre1', '2014-01-01 00:00:00', 'ESTADOENUM_1', 'usuario_modifica1', 1, 'usuario_crea1', '2014-01-01 00:00:00', 1 );
insert into mgs_indicador( nombre, fecha_modifica, estado, usuario_modifica, id_indicador, usuario_crea, fecha_crea, meta ) values ( 'nombre2', '2014-01-01 00:00:00', 'ESTADOENUM_1', 'usuario_modifica2', 2, 'usuario_crea2', '2014-01-01 00:00:00', 2 );
insert into mgs_indicador( nombre, fecha_modifica, estado, usuario_modifica, id_indicador, usuario_crea, fecha_crea, meta ) values ( 'nombre3', '2014-01-01 00:00:00', 'ESTADOENUM_1', 'usuario_modifica3', 3, 'usuario_crea3', '2014-01-01 00:00:00', 3 );
insert into mgs_indicador( nombre, fecha_modifica, estado, usuario_modifica, id_indicador, usuario_crea, fecha_crea, meta ) values ( 'nombre4', '2014-01-01 00:00:00', 'ESTADOENUM_1', 'usuario_modifica4', 4, 'usuario_crea4', '2014-01-01 00:00:00', 4 );
insert into mgs_indicador( nombre, fecha_modifica, estado, usuario_modifica, id_indicador, usuario_crea, fecha_crea, meta ) values ( 'nombre5', '2014-01-01 00:00:00', 'ESTADOENUM_1', 'usuario_modifica5', 5, 'usuario_crea5', '2014-01-01 00:00:00', 5 );
insert into mgs_indicador( nombre, fecha_modifica, estado, usuario_modifica, id_indicador, usuario_crea, fecha_crea, meta ) values ( 'nombre6', '2014-01-01 00:00:00', 'ESTADOENUM_1', 'usuario_modifica6', 6, 'usuario_crea6', '2014-01-01 00:00:00', 6 );
insert into mgs_indicador( nombre, fecha_modifica, estado, usuario_modifica, id_indicador, usuario_crea, fecha_crea, meta ) values ( 'nombre7', '2014-01-01 00:00:00', 'ESTADOENUM_1', 'usuario_modifica7', 7, 'usuario_crea7', '2014-01-01 00:00:00', 7 );
insert into mgs_indicador( nombre, fecha_modifica, estado, usuario_modifica, id_indicador, usuario_crea, fecha_crea, meta ) values ( 'nombre8', '2014-01-01 00:00:00', 'ESTADOENUM_1', 'usuario_modifica8', 8, 'usuario_crea8', '2014-01-01 00:00:00', 8 );
insert into mgs_indicador( nombre, fecha_modifica, estado, usuario_modifica, id_indicador, usuario_crea, fecha_crea, meta ) values ( 'nombre9', '2014-01-01 00:00:00', 'ESTADOENUM_1', 'usuario_modifica9', 9, 'usuario_crea9', '2014-01-01 00:00:00', 9 );

-- Tabla mgs_p_zona
insert into mgs_p_zona( fecha_modifica, estado, valor, usuario_modifica, usuario_crea, id_p_zona, fecha_crea ) values ( '2014-01-01 00:00:00', 'ESTADOENUM_1', 'valor0', 'usuario_modifica0', 'usuario_crea0', 0, '2014-01-01 00:00:00' );
insert into mgs_p_zona( fecha_modifica, estado, valor, usuario_modifica, usuario_crea, id_p_zona, fecha_crea ) values ( '2014-01-01 00:00:00', 'ESTADOENUM_1', 'valor1', 'usuario_modifica1', 'usuario_crea1', 1, '2014-01-01 00:00:00' );
insert into mgs_p_zona( fecha_modifica, estado, valor, usuario_modifica, usuario_crea, id_p_zona, fecha_crea ) values ( '2014-01-01 00:00:00', 'ESTADOENUM_1', 'valor2', 'usuario_modifica2', 'usuario_crea2', 2, '2014-01-01 00:00:00' );
insert into mgs_p_zona( fecha_modifica, estado, valor, usuario_modifica, usuario_crea, id_p_zona, fecha_crea ) values ( '2014-01-01 00:00:00', 'ESTADOENUM_1', 'valor3', 'usuario_modifica3', 'usuario_crea3', 3, '2014-01-01 00:00:00' );
insert into mgs_p_zona( fecha_modifica, estado, valor, usuario_modifica, usuario_crea, id_p_zona, fecha_crea ) values ( '2014-01-01 00:00:00', 'ESTADOENUM_1', 'valor4', 'usuario_modifica4', 'usuario_crea4', 4, '2014-01-01 00:00:00' );
insert into mgs_p_zona( fecha_modifica, estado, valor, usuario_modifica, usuario_crea, id_p_zona, fecha_crea ) values ( '2014-01-01 00:00:00', 'ESTADOENUM_1', 'valor5', 'usuario_modifica5', 'usuario_crea5', 5, '2014-01-01 00:00:00' );
insert into mgs_p_zona( fecha_modifica, estado, valor, usuario_modifica, usuario_crea, id_p_zona, fecha_crea ) values ( '2014-01-01 00:00:00', 'ESTADOENUM_1', 'valor6', 'usuario_modifica6', 'usuario_crea6', 6, '2014-01-01 00:00:00' );
insert into mgs_p_zona( fecha_modifica, estado, valor, usuario_modifica, usuario_crea, id_p_zona, fecha_crea ) values ( '2014-01-01 00:00:00', 'ESTADOENUM_1', 'valor7', 'usuario_modifica7', 'usuario_crea7', 7, '2014-01-01 00:00:00' );
insert into mgs_p_zona( fecha_modifica, estado, valor, usuario_modifica, usuario_crea, id_p_zona, fecha_crea ) values ( '2014-01-01 00:00:00', 'ESTADOENUM_1', 'valor8', 'usuario_modifica8', 'usuario_crea8', 8, '2014-01-01 00:00:00' );
insert into mgs_p_zona( fecha_modifica, estado, valor, usuario_modifica, usuario_crea, id_p_zona, fecha_crea ) values ( '2014-01-01 00:00:00', 'ESTADOENUM_1', 'valor9', 'usuario_modifica9', 'usuario_crea9', 9, '2014-01-01 00:00:00' );

-- Tabla mgs_rol
insert into mgs_rol( nombre, fecha_modifica, estado, usuario_modifica, descripcion, usuario_crea, fecha_crea, id_rol ) values ( 'nombre0', '2014-01-01 00:00:00', 'ESTADOENUM_1', 'usuario_modifica0', 'descripcion0', 'usuario_crea0', '2014-01-01 00:00:00', 0 );
insert into mgs_rol( nombre, fecha_modifica, estado, usuario_modifica, descripcion, usuario_crea, fecha_crea, id_rol ) values ( 'nombre1', '2014-01-01 00:00:00', 'ESTADOENUM_1', 'usuario_modifica1', 'descripcion1', 'usuario_crea1', '2014-01-01 00:00:00', 1 );
insert into mgs_rol( nombre, fecha_modifica, estado, usuario_modifica, descripcion, usuario_crea, fecha_crea, id_rol ) values ( 'nombre2', '2014-01-01 00:00:00', 'ESTADOENUM_1', 'usuario_modifica2', 'descripcion2', 'usuario_crea2', '2014-01-01 00:00:00', 2 );
insert into mgs_rol( nombre, fecha_modifica, estado, usuario_modifica, descripcion, usuario_crea, fecha_crea, id_rol ) values ( 'nombre3', '2014-01-01 00:00:00', 'ESTADOENUM_1', 'usuario_modifica3', 'descripcion3', 'usuario_crea3', '2014-01-01 00:00:00', 3 );
insert into mgs_rol( nombre, fecha_modifica, estado, usuario_modifica, descripcion, usuario_crea, fecha_crea, id_rol ) values ( 'nombre4', '2014-01-01 00:00:00', 'ESTADOENUM_1', 'usuario_modifica4', 'descripcion4', 'usuario_crea4', '2014-01-01 00:00:00', 4 );
insert into mgs_rol( nombre, fecha_modifica, estado, usuario_modifica, descripcion, usuario_crea, fecha_crea, id_rol ) values ( 'nombre5', '2014-01-01 00:00:00', 'ESTADOENUM_1', 'usuario_modifica5', 'descripcion5', 'usuario_crea5', '2014-01-01 00:00:00', 5 );
insert into mgs_rol( nombre, fecha_modifica, estado, usuario_modifica, descripcion, usuario_crea, fecha_crea, id_rol ) values ( 'nombre6', '2014-01-01 00:00:00', 'ESTADOENUM_1', 'usuario_modifica6', 'descripcion6', 'usuario_crea6', '2014-01-01 00:00:00', 6 );
insert into mgs_rol( nombre, fecha_modifica, estado, usuario_modifica, descripcion, usuario_crea, fecha_crea, id_rol ) values ( 'nombre7', '2014-01-01 00:00:00', 'ESTADOENUM_1', 'usuario_modifica7', 'descripcion7', 'usuario_crea7', '2014-01-01 00:00:00', 7 );
insert into mgs_rol( nombre, fecha_modifica, estado, usuario_modifica, descripcion, usuario_crea, fecha_crea, id_rol ) values ( 'nombre8', '2014-01-01 00:00:00', 'ESTADOENUM_1', 'usuario_modifica8', 'descripcion8', 'usuario_crea8', '2014-01-01 00:00:00', 8 );
insert into mgs_rol( nombre, fecha_modifica, estado, usuario_modifica, descripcion, usuario_crea, fecha_crea, id_rol ) values ( 'nombre9', '2014-01-01 00:00:00', 'ESTADOENUM_1', 'usuario_modifica9', 'descripcion9', 'usuario_crea9', '2014-01-01 00:00:00', 9 );

-- Tabla mgs_p_bd_nacional
insert into mgs_p_bd_nacional( fecha_modifica, estado, valor, usuario_modifica, usuario_crea, fecha_crea, id_p_bd_nacional ) values ( '2014-01-01 00:00:00', 'ESTADOENUM_1', 'valor0', 'usuario_modifica0', 'usuario_crea0', '2014-01-01 00:00:00', 0 );
insert into mgs_p_bd_nacional( fecha_modifica, estado, valor, usuario_modifica, usuario_crea, fecha_crea, id_p_bd_nacional ) values ( '2014-01-01 00:00:00', 'ESTADOENUM_1', 'valor1', 'usuario_modifica1', 'usuario_crea1', '2014-01-01 00:00:00', 1 );
insert into mgs_p_bd_nacional( fecha_modifica, estado, valor, usuario_modifica, usuario_crea, fecha_crea, id_p_bd_nacional ) values ( '2014-01-01 00:00:00', 'ESTADOENUM_1', 'valor2', 'usuario_modifica2', 'usuario_crea2', '2014-01-01 00:00:00', 2 );
insert into mgs_p_bd_nacional( fecha_modifica, estado, valor, usuario_modifica, usuario_crea, fecha_crea, id_p_bd_nacional ) values ( '2014-01-01 00:00:00', 'ESTADOENUM_1', 'valor3', 'usuario_modifica3', 'usuario_crea3', '2014-01-01 00:00:00', 3 );
insert into mgs_p_bd_nacional( fecha_modifica, estado, valor, usuario_modifica, usuario_crea, fecha_crea, id_p_bd_nacional ) values ( '2014-01-01 00:00:00', 'ESTADOENUM_1', 'valor4', 'usuario_modifica4', 'usuario_crea4', '2014-01-01 00:00:00', 4 );
insert into mgs_p_bd_nacional( fecha_modifica, estado, valor, usuario_modifica, usuario_crea, fecha_crea, id_p_bd_nacional ) values ( '2014-01-01 00:00:00', 'ESTADOENUM_1', 'valor5', 'usuario_modifica5', 'usuario_crea5', '2014-01-01 00:00:00', 5 );
insert into mgs_p_bd_nacional( fecha_modifica, estado, valor, usuario_modifica, usuario_crea, fecha_crea, id_p_bd_nacional ) values ( '2014-01-01 00:00:00', 'ESTADOENUM_1', 'valor6', 'usuario_modifica6', 'usuario_crea6', '2014-01-01 00:00:00', 6 );
insert into mgs_p_bd_nacional( fecha_modifica, estado, valor, usuario_modifica, usuario_crea, fecha_crea, id_p_bd_nacional ) values ( '2014-01-01 00:00:00', 'ESTADOENUM_1', 'valor7', 'usuario_modifica7', 'usuario_crea7', '2014-01-01 00:00:00', 7 );
insert into mgs_p_bd_nacional( fecha_modifica, estado, valor, usuario_modifica, usuario_crea, fecha_crea, id_p_bd_nacional ) values ( '2014-01-01 00:00:00', 'ESTADOENUM_1', 'valor8', 'usuario_modifica8', 'usuario_crea8', '2014-01-01 00:00:00', 8 );
insert into mgs_p_bd_nacional( fecha_modifica, estado, valor, usuario_modifica, usuario_crea, fecha_crea, id_p_bd_nacional ) values ( '2014-01-01 00:00:00', 'ESTADOENUM_1', 'valor9', 'usuario_modifica9', 'usuario_crea9', '2014-01-01 00:00:00', 9 );

-- Tabla mgs_p_tipo_tenencia
insert into mgs_p_tipo_tenencia( fecha_modifica, estado, valor, usuario_modifica, usuario_crea, id_p_tipo_tenencia, fecha_crea ) values ( '2014-01-01 00:00:00', 'ESTADOENUM_1', 'valor0', 'usuario_modifica0', 'usuario_crea0', 0, '2014-01-01 00:00:00' );
insert into mgs_p_tipo_tenencia( fecha_modifica, estado, valor, usuario_modifica, usuario_crea, id_p_tipo_tenencia, fecha_crea ) values ( '2014-01-01 00:00:00', 'ESTADOENUM_1', 'valor1', 'usuario_modifica1', 'usuario_crea1', 1, '2014-01-01 00:00:00' );
insert into mgs_p_tipo_tenencia( fecha_modifica, estado, valor, usuario_modifica, usuario_crea, id_p_tipo_tenencia, fecha_crea ) values ( '2014-01-01 00:00:00', 'ESTADOENUM_1', 'valor2', 'usuario_modifica2', 'usuario_crea2', 2, '2014-01-01 00:00:00' );
insert into mgs_p_tipo_tenencia( fecha_modifica, estado, valor, usuario_modifica, usuario_crea, id_p_tipo_tenencia, fecha_crea ) values ( '2014-01-01 00:00:00', 'ESTADOENUM_1', 'valor3', 'usuario_modifica3', 'usuario_crea3', 3, '2014-01-01 00:00:00' );
insert into mgs_p_tipo_tenencia( fecha_modifica, estado, valor, usuario_modifica, usuario_crea, id_p_tipo_tenencia, fecha_crea ) values ( '2014-01-01 00:00:00', 'ESTADOENUM_1', 'valor4', 'usuario_modifica4', 'usuario_crea4', 4, '2014-01-01 00:00:00' );
insert into mgs_p_tipo_tenencia( fecha_modifica, estado, valor, usuario_modifica, usuario_crea, id_p_tipo_tenencia, fecha_crea ) values ( '2014-01-01 00:00:00', 'ESTADOENUM_1', 'valor5', 'usuario_modifica5', 'usuario_crea5', 5, '2014-01-01 00:00:00' );
insert into mgs_p_tipo_tenencia( fecha_modifica, estado, valor, usuario_modifica, usuario_crea, id_p_tipo_tenencia, fecha_crea ) values ( '2014-01-01 00:00:00', 'ESTADOENUM_1', 'valor6', 'usuario_modifica6', 'usuario_crea6', 6, '2014-01-01 00:00:00' );
insert into mgs_p_tipo_tenencia( fecha_modifica, estado, valor, usuario_modifica, usuario_crea, id_p_tipo_tenencia, fecha_crea ) values ( '2014-01-01 00:00:00', 'ESTADOENUM_1', 'valor7', 'usuario_modifica7', 'usuario_crea7', 7, '2014-01-01 00:00:00' );
insert into mgs_p_tipo_tenencia( fecha_modifica, estado, valor, usuario_modifica, usuario_crea, id_p_tipo_tenencia, fecha_crea ) values ( '2014-01-01 00:00:00', 'ESTADOENUM_1', 'valor8', 'usuario_modifica8', 'usuario_crea8', 8, '2014-01-01 00:00:00' );
insert into mgs_p_tipo_tenencia( fecha_modifica, estado, valor, usuario_modifica, usuario_crea, id_p_tipo_tenencia, fecha_crea ) values ( '2014-01-01 00:00:00', 'ESTADOENUM_1', 'valor9', 'usuario_modifica9', 'usuario_crea9', 9, '2014-01-01 00:00:00' );

-- Tabla mgs_p_municipio
insert into mgs_p_municipio( fecha_modifica, estado, valor, usuario_modifica, usuario_crea, id_p_municipio, fecha_crea ) values ( '2014-01-01 00:00:00', 'ESTADOENUM_1', 'valor0', 'usuario_modifica0', 'usuario_crea0', 0, '2014-01-01 00:00:00' );
insert into mgs_p_municipio( fecha_modifica, estado, valor, usuario_modifica, usuario_crea, id_p_municipio, fecha_crea ) values ( '2014-01-01 00:00:00', 'ESTADOENUM_1', 'valor1', 'usuario_modifica1', 'usuario_crea1', 1, '2014-01-01 00:00:00' );
insert into mgs_p_municipio( fecha_modifica, estado, valor, usuario_modifica, usuario_crea, id_p_municipio, fecha_crea ) values ( '2014-01-01 00:00:00', 'ESTADOENUM_1', 'valor2', 'usuario_modifica2', 'usuario_crea2', 2, '2014-01-01 00:00:00' );
insert into mgs_p_municipio( fecha_modifica, estado, valor, usuario_modifica, usuario_crea, id_p_municipio, fecha_crea ) values ( '2014-01-01 00:00:00', 'ESTADOENUM_1', 'valor3', 'usuario_modifica3', 'usuario_crea3', 3, '2014-01-01 00:00:00' );
insert into mgs_p_municipio( fecha_modifica, estado, valor, usuario_modifica, usuario_crea, id_p_municipio, fecha_crea ) values ( '2014-01-01 00:00:00', 'ESTADOENUM_1', 'valor4', 'usuario_modifica4', 'usuario_crea4', 4, '2014-01-01 00:00:00' );
insert into mgs_p_municipio( fecha_modifica, estado, valor, usuario_modifica, usuario_crea, id_p_municipio, fecha_crea ) values ( '2014-01-01 00:00:00', 'ESTADOENUM_1', 'valor5', 'usuario_modifica5', 'usuario_crea5', 5, '2014-01-01 00:00:00' );
insert into mgs_p_municipio( fecha_modifica, estado, valor, usuario_modifica, usuario_crea, id_p_municipio, fecha_crea ) values ( '2014-01-01 00:00:00', 'ESTADOENUM_1', 'valor6', 'usuario_modifica6', 'usuario_crea6', 6, '2014-01-01 00:00:00' );
insert into mgs_p_municipio( fecha_modifica, estado, valor, usuario_modifica, usuario_crea, id_p_municipio, fecha_crea ) values ( '2014-01-01 00:00:00', 'ESTADOENUM_1', 'valor7', 'usuario_modifica7', 'usuario_crea7', 7, '2014-01-01 00:00:00' );
insert into mgs_p_municipio( fecha_modifica, estado, valor, usuario_modifica, usuario_crea, id_p_municipio, fecha_crea ) values ( '2014-01-01 00:00:00', 'ESTADOENUM_1', 'valor8', 'usuario_modifica8', 'usuario_crea8', 8, '2014-01-01 00:00:00' );
insert into mgs_p_municipio( fecha_modifica, estado, valor, usuario_modifica, usuario_crea, id_p_municipio, fecha_crea ) values ( '2014-01-01 00:00:00', 'ESTADOENUM_1', 'valor9', 'usuario_modifica9', 'usuario_crea9', 9, '2014-01-01 00:00:00' );

-- Tabla mgs_componente
insert into mgs_componente( nombre, id_componente, fecha_modifica, estado, usuario_modifica, info_actividades, resultados_esperados, usuario_crea, fecha_crea ) values ( 'nombre0', 0, '2014-01-01 00:00:00', 'ESTADOENUM_1', 'usuario_modifica0', 'info_actividades0', 'resultados_esperados0', 'usuario_crea0', '2014-01-01 00:00:00' );
insert into mgs_componente( nombre, id_componente, fecha_modifica, estado, usuario_modifica, info_actividades, resultados_esperados, usuario_crea, fecha_crea ) values ( 'nombre1', 1, '2014-01-01 00:00:00', 'ESTADOENUM_1', 'usuario_modifica1', 'info_actividades1', 'resultados_esperados1', 'usuario_crea1', '2014-01-01 00:00:00' );
insert into mgs_componente( nombre, id_componente, fecha_modifica, estado, usuario_modifica, info_actividades, resultados_esperados, usuario_crea, fecha_crea ) values ( 'nombre2', 2, '2014-01-01 00:00:00', 'ESTADOENUM_1', 'usuario_modifica2', 'info_actividades2', 'resultados_esperados2', 'usuario_crea2', '2014-01-01 00:00:00' );
insert into mgs_componente( nombre, id_componente, fecha_modifica, estado, usuario_modifica, info_actividades, resultados_esperados, usuario_crea, fecha_crea ) values ( 'nombre3', 3, '2014-01-01 00:00:00', 'ESTADOENUM_1', 'usuario_modifica3', 'info_actividades3', 'resultados_esperados3', 'usuario_crea3', '2014-01-01 00:00:00' );
insert into mgs_componente( nombre, id_componente, fecha_modifica, estado, usuario_modifica, info_actividades, resultados_esperados, usuario_crea, fecha_crea ) values ( 'nombre4', 4, '2014-01-01 00:00:00', 'ESTADOENUM_1', 'usuario_modifica4', 'info_actividades4', 'resultados_esperados4', 'usuario_crea4', '2014-01-01 00:00:00' );
insert into mgs_componente( nombre, id_componente, fecha_modifica, estado, usuario_modifica, info_actividades, resultados_esperados, usuario_crea, fecha_crea ) values ( 'nombre5', 5, '2014-01-01 00:00:00', 'ESTADOENUM_1', 'usuario_modifica5', 'info_actividades5', 'resultados_esperados5', 'usuario_crea5', '2014-01-01 00:00:00' );
insert into mgs_componente( nombre, id_componente, fecha_modifica, estado, usuario_modifica, info_actividades, resultados_esperados, usuario_crea, fecha_crea ) values ( 'nombre6', 6, '2014-01-01 00:00:00', 'ESTADOENUM_1', 'usuario_modifica6', 'info_actividades6', 'resultados_esperados6', 'usuario_crea6', '2014-01-01 00:00:00' );
insert into mgs_componente( nombre, id_componente, fecha_modifica, estado, usuario_modifica, info_actividades, resultados_esperados, usuario_crea, fecha_crea ) values ( 'nombre7', 7, '2014-01-01 00:00:00', 'ESTADOENUM_1', 'usuario_modifica7', 'info_actividades7', 'resultados_esperados7', 'usuario_crea7', '2014-01-01 00:00:00' );
insert into mgs_componente( nombre, id_componente, fecha_modifica, estado, usuario_modifica, info_actividades, resultados_esperados, usuario_crea, fecha_crea ) values ( 'nombre8', 8, '2014-01-01 00:00:00', 'ESTADOENUM_1', 'usuario_modifica8', 'info_actividades8', 'resultados_esperados8', 'usuario_crea8', '2014-01-01 00:00:00' );
insert into mgs_componente( nombre, id_componente, fecha_modifica, estado, usuario_modifica, info_actividades, resultados_esperados, usuario_crea, fecha_crea ) values ( 'nombre9', 9, '2014-01-01 00:00:00', 'ESTADOENUM_1', 'usuario_modifica9', 'info_actividades9', 'resultados_esperados9', 'usuario_crea9', '2014-01-01 00:00:00' );

-- Tabla mgs_p_nivel_educativo
insert into mgs_p_nivel_educativo( fecha_modifica, estado, valor, usuario_modifica, id_p_nivel_educativo, usuario_crea, fecha_crea ) values ( '2014-01-01 00:00:00', 'ESTADOENUM_1', 'valor0', 'usuario_modifica0', 0, 'usuario_crea0', '2014-01-01 00:00:00' );
insert into mgs_p_nivel_educativo( fecha_modifica, estado, valor, usuario_modifica, id_p_nivel_educativo, usuario_crea, fecha_crea ) values ( '2014-01-01 00:00:00', 'ESTADOENUM_1', 'valor1', 'usuario_modifica1', 1, 'usuario_crea1', '2014-01-01 00:00:00' );
insert into mgs_p_nivel_educativo( fecha_modifica, estado, valor, usuario_modifica, id_p_nivel_educativo, usuario_crea, fecha_crea ) values ( '2014-01-01 00:00:00', 'ESTADOENUM_1', 'valor2', 'usuario_modifica2', 2, 'usuario_crea2', '2014-01-01 00:00:00' );
insert into mgs_p_nivel_educativo( fecha_modifica, estado, valor, usuario_modifica, id_p_nivel_educativo, usuario_crea, fecha_crea ) values ( '2014-01-01 00:00:00', 'ESTADOENUM_1', 'valor3', 'usuario_modifica3', 3, 'usuario_crea3', '2014-01-01 00:00:00' );
insert into mgs_p_nivel_educativo( fecha_modifica, estado, valor, usuario_modifica, id_p_nivel_educativo, usuario_crea, fecha_crea ) values ( '2014-01-01 00:00:00', 'ESTADOENUM_1', 'valor4', 'usuario_modifica4', 4, 'usuario_crea4', '2014-01-01 00:00:00' );
insert into mgs_p_nivel_educativo( fecha_modifica, estado, valor, usuario_modifica, id_p_nivel_educativo, usuario_crea, fecha_crea ) values ( '2014-01-01 00:00:00', 'ESTADOENUM_1', 'valor5', 'usuario_modifica5', 5, 'usuario_crea5', '2014-01-01 00:00:00' );
insert into mgs_p_nivel_educativo( fecha_modifica, estado, valor, usuario_modifica, id_p_nivel_educativo, usuario_crea, fecha_crea ) values ( '2014-01-01 00:00:00', 'ESTADOENUM_1', 'valor6', 'usuario_modifica6', 6, 'usuario_crea6', '2014-01-01 00:00:00' );
insert into mgs_p_nivel_educativo( fecha_modifica, estado, valor, usuario_modifica, id_p_nivel_educativo, usuario_crea, fecha_crea ) values ( '2014-01-01 00:00:00', 'ESTADOENUM_1', 'valor7', 'usuario_modifica7', 7, 'usuario_crea7', '2014-01-01 00:00:00' );
insert into mgs_p_nivel_educativo( fecha_modifica, estado, valor, usuario_modifica, id_p_nivel_educativo, usuario_crea, fecha_crea ) values ( '2014-01-01 00:00:00', 'ESTADOENUM_1', 'valor8', 'usuario_modifica8', 8, 'usuario_crea8', '2014-01-01 00:00:00' );
insert into mgs_p_nivel_educativo( fecha_modifica, estado, valor, usuario_modifica, id_p_nivel_educativo, usuario_crea, fecha_crea ) values ( '2014-01-01 00:00:00', 'ESTADOENUM_1', 'valor9', 'usuario_modifica9', 9, 'usuario_crea9', '2014-01-01 00:00:00' );

-- Tabla mgs_p_desc_independiente
insert into mgs_p_desc_independiente( fecha_modifica, estado, valor, id_p_desc_indep, usuario_modifica, usuario_crea, fecha_crea ) values ( '2014-01-01 00:00:00', 'ESTADOENUM_1', 'valor0', 0, 'usuario_modifica0', 'usuario_crea0', '2014-01-01 00:00:00' );
insert into mgs_p_desc_independiente( fecha_modifica, estado, valor, id_p_desc_indep, usuario_modifica, usuario_crea, fecha_crea ) values ( '2014-01-01 00:00:00', 'ESTADOENUM_1', 'valor1', 1, 'usuario_modifica1', 'usuario_crea1', '2014-01-01 00:00:00' );
insert into mgs_p_desc_independiente( fecha_modifica, estado, valor, id_p_desc_indep, usuario_modifica, usuario_crea, fecha_crea ) values ( '2014-01-01 00:00:00', 'ESTADOENUM_1', 'valor2', 2, 'usuario_modifica2', 'usuario_crea2', '2014-01-01 00:00:00' );
insert into mgs_p_desc_independiente( fecha_modifica, estado, valor, id_p_desc_indep, usuario_modifica, usuario_crea, fecha_crea ) values ( '2014-01-01 00:00:00', 'ESTADOENUM_1', 'valor3', 3, 'usuario_modifica3', 'usuario_crea3', '2014-01-01 00:00:00' );
insert into mgs_p_desc_independiente( fecha_modifica, estado, valor, id_p_desc_indep, usuario_modifica, usuario_crea, fecha_crea ) values ( '2014-01-01 00:00:00', 'ESTADOENUM_1', 'valor4', 4, 'usuario_modifica4', 'usuario_crea4', '2014-01-01 00:00:00' );
insert into mgs_p_desc_independiente( fecha_modifica, estado, valor, id_p_desc_indep, usuario_modifica, usuario_crea, fecha_crea ) values ( '2014-01-01 00:00:00', 'ESTADOENUM_1', 'valor5', 5, 'usuario_modifica5', 'usuario_crea5', '2014-01-01 00:00:00' );
insert into mgs_p_desc_independiente( fecha_modifica, estado, valor, id_p_desc_indep, usuario_modifica, usuario_crea, fecha_crea ) values ( '2014-01-01 00:00:00', 'ESTADOENUM_1', 'valor6', 6, 'usuario_modifica6', 'usuario_crea6', '2014-01-01 00:00:00' );
insert into mgs_p_desc_independiente( fecha_modifica, estado, valor, id_p_desc_indep, usuario_modifica, usuario_crea, fecha_crea ) values ( '2014-01-01 00:00:00', 'ESTADOENUM_1', 'valor7', 7, 'usuario_modifica7', 'usuario_crea7', '2014-01-01 00:00:00' );
insert into mgs_p_desc_independiente( fecha_modifica, estado, valor, id_p_desc_indep, usuario_modifica, usuario_crea, fecha_crea ) values ( '2014-01-01 00:00:00', 'ESTADOENUM_1', 'valor8', 8, 'usuario_modifica8', 'usuario_crea8', '2014-01-01 00:00:00' );
insert into mgs_p_desc_independiente( fecha_modifica, estado, valor, id_p_desc_indep, usuario_modifica, usuario_crea, fecha_crea ) values ( '2014-01-01 00:00:00', 'ESTADOENUM_1', 'valor9', 9, 'usuario_modifica9', 'usuario_crea9', '2014-01-01 00:00:00' );

-- Tabla mgs_p_parentesco
insert into mgs_p_parentesco( fecha_modifica, estado, valor, usuario_modifica, id_p_parentesco, usuario_crea, fecha_crea ) values ( '2014-01-01 00:00:00', 'ESTADOENUM_1', 'valor0', 'usuario_modifica0', 0, 'usuario_crea0', '2014-01-01 00:00:00' );
insert into mgs_p_parentesco( fecha_modifica, estado, valor, usuario_modifica, id_p_parentesco, usuario_crea, fecha_crea ) values ( '2014-01-01 00:00:00', 'ESTADOENUM_1', 'valor1', 'usuario_modifica1', 1, 'usuario_crea1', '2014-01-01 00:00:00' );
insert into mgs_p_parentesco( fecha_modifica, estado, valor, usuario_modifica, id_p_parentesco, usuario_crea, fecha_crea ) values ( '2014-01-01 00:00:00', 'ESTADOENUM_1', 'valor2', 'usuario_modifica2', 2, 'usuario_crea2', '2014-01-01 00:00:00' );
insert into mgs_p_parentesco( fecha_modifica, estado, valor, usuario_modifica, id_p_parentesco, usuario_crea, fecha_crea ) values ( '2014-01-01 00:00:00', 'ESTADOENUM_1', 'valor3', 'usuario_modifica3', 3, 'usuario_crea3', '2014-01-01 00:00:00' );
insert into mgs_p_parentesco( fecha_modifica, estado, valor, usuario_modifica, id_p_parentesco, usuario_crea, fecha_crea ) values ( '2014-01-01 00:00:00', 'ESTADOENUM_1', 'valor4', 'usuario_modifica4', 4, 'usuario_crea4', '2014-01-01 00:00:00' );
insert into mgs_p_parentesco( fecha_modifica, estado, valor, usuario_modifica, id_p_parentesco, usuario_crea, fecha_crea ) values ( '2014-01-01 00:00:00', 'ESTADOENUM_1', 'valor5', 'usuario_modifica5', 5, 'usuario_crea5', '2014-01-01 00:00:00' );
insert into mgs_p_parentesco( fecha_modifica, estado, valor, usuario_modifica, id_p_parentesco, usuario_crea, fecha_crea ) values ( '2014-01-01 00:00:00', 'ESTADOENUM_1', 'valor6', 'usuario_modifica6', 6, 'usuario_crea6', '2014-01-01 00:00:00' );
insert into mgs_p_parentesco( fecha_modifica, estado, valor, usuario_modifica, id_p_parentesco, usuario_crea, fecha_crea ) values ( '2014-01-01 00:00:00', 'ESTADOENUM_1', 'valor7', 'usuario_modifica7', 7, 'usuario_crea7', '2014-01-01 00:00:00' );
insert into mgs_p_parentesco( fecha_modifica, estado, valor, usuario_modifica, id_p_parentesco, usuario_crea, fecha_crea ) values ( '2014-01-01 00:00:00', 'ESTADOENUM_1', 'valor8', 'usuario_modifica8', 8, 'usuario_crea8', '2014-01-01 00:00:00' );
insert into mgs_p_parentesco( fecha_modifica, estado, valor, usuario_modifica, id_p_parentesco, usuario_crea, fecha_crea ) values ( '2014-01-01 00:00:00', 'ESTADOENUM_1', 'valor9', 'usuario_modifica9', 9, 'usuario_crea9', '2014-01-01 00:00:00' );

-- Tabla mgs_p_estado_civil
insert into mgs_p_estado_civil( fecha_modifica, id_p_estado_civil, estado, valor, usuario_modifica, usuario_crea, fecha_crea ) values ( '2014-01-01 00:00:00', 0, 'ESTADOENUM_1', 'valor0', 'usuario_modifica0', 'usuario_crea0', '2014-01-01 00:00:00' );
insert into mgs_p_estado_civil( fecha_modifica, id_p_estado_civil, estado, valor, usuario_modifica, usuario_crea, fecha_crea ) values ( '2014-01-01 00:00:00', 1, 'ESTADOENUM_1', 'valor1', 'usuario_modifica1', 'usuario_crea1', '2014-01-01 00:00:00' );
insert into mgs_p_estado_civil( fecha_modifica, id_p_estado_civil, estado, valor, usuario_modifica, usuario_crea, fecha_crea ) values ( '2014-01-01 00:00:00', 2, 'ESTADOENUM_1', 'valor2', 'usuario_modifica2', 'usuario_crea2', '2014-01-01 00:00:00' );
insert into mgs_p_estado_civil( fecha_modifica, id_p_estado_civil, estado, valor, usuario_modifica, usuario_crea, fecha_crea ) values ( '2014-01-01 00:00:00', 3, 'ESTADOENUM_1', 'valor3', 'usuario_modifica3', 'usuario_crea3', '2014-01-01 00:00:00' );
insert into mgs_p_estado_civil( fecha_modifica, id_p_estado_civil, estado, valor, usuario_modifica, usuario_crea, fecha_crea ) values ( '2014-01-01 00:00:00', 4, 'ESTADOENUM_1', 'valor4', 'usuario_modifica4', 'usuario_crea4', '2014-01-01 00:00:00' );
insert into mgs_p_estado_civil( fecha_modifica, id_p_estado_civil, estado, valor, usuario_modifica, usuario_crea, fecha_crea ) values ( '2014-01-01 00:00:00', 5, 'ESTADOENUM_1', 'valor5', 'usuario_modifica5', 'usuario_crea5', '2014-01-01 00:00:00' );
insert into mgs_p_estado_civil( fecha_modifica, id_p_estado_civil, estado, valor, usuario_modifica, usuario_crea, fecha_crea ) values ( '2014-01-01 00:00:00', 6, 'ESTADOENUM_1', 'valor6', 'usuario_modifica6', 'usuario_crea6', '2014-01-01 00:00:00' );
insert into mgs_p_estado_civil( fecha_modifica, id_p_estado_civil, estado, valor, usuario_modifica, usuario_crea, fecha_crea ) values ( '2014-01-01 00:00:00', 7, 'ESTADOENUM_1', 'valor7', 'usuario_modifica7', 'usuario_crea7', '2014-01-01 00:00:00' );
insert into mgs_p_estado_civil( fecha_modifica, id_p_estado_civil, estado, valor, usuario_modifica, usuario_crea, fecha_crea ) values ( '2014-01-01 00:00:00', 8, 'ESTADOENUM_1', 'valor8', 'usuario_modifica8', 'usuario_crea8', '2014-01-01 00:00:00' );
insert into mgs_p_estado_civil( fecha_modifica, id_p_estado_civil, estado, valor, usuario_modifica, usuario_crea, fecha_crea ) values ( '2014-01-01 00:00:00', 9, 'ESTADOENUM_1', 'valor9', 'usuario_modifica9', 'usuario_crea9', '2014-01-01 00:00:00' );

-- Tabla mgs_persona
insert into mgs_persona( tipo_id, fecha_modifica, num_id, estado, nombres, apellidos, usuario_modifica, id_persona, usuario_crea, fecha_crea ) values ( 'TIPOIDENUM_1', '2014-01-01 00:00:00', 'num_id0', 'ESTADOENUM_1', 'nombres0', 'apellidos0', 'usuario_modifica0', 0, 'usuario_crea0', '2014-01-01 00:00:00' );
insert into mgs_persona( tipo_id, fecha_modifica, num_id, estado, nombres, apellidos, usuario_modifica, id_persona, usuario_crea, fecha_crea ) values ( 'TIPOIDENUM_1', '2014-01-01 00:00:00', 'num_id1', 'ESTADOENUM_1', 'nombres1', 'apellidos1', 'usuario_modifica1', 1, 'usuario_crea1', '2014-01-01 00:00:00' );
insert into mgs_persona( tipo_id, fecha_modifica, num_id, estado, nombres, apellidos, usuario_modifica, id_persona, usuario_crea, fecha_crea ) values ( 'TIPOIDENUM_1', '2014-01-01 00:00:00', 'num_id2', 'ESTADOENUM_1', 'nombres2', 'apellidos2', 'usuario_modifica2', 2, 'usuario_crea2', '2014-01-01 00:00:00' );
insert into mgs_persona( tipo_id, fecha_modifica, num_id, estado, nombres, apellidos, usuario_modifica, id_persona, usuario_crea, fecha_crea ) values ( 'TIPOIDENUM_1', '2014-01-01 00:00:00', 'num_id3', 'ESTADOENUM_1', 'nombres3', 'apellidos3', 'usuario_modifica3', 3, 'usuario_crea3', '2014-01-01 00:00:00' );
insert into mgs_persona( tipo_id, fecha_modifica, num_id, estado, nombres, apellidos, usuario_modifica, id_persona, usuario_crea, fecha_crea ) values ( 'TIPOIDENUM_1', '2014-01-01 00:00:00', 'num_id4', 'ESTADOENUM_1', 'nombres4', 'apellidos4', 'usuario_modifica4', 4, 'usuario_crea4', '2014-01-01 00:00:00' );
insert into mgs_persona( tipo_id, fecha_modifica, num_id, estado, nombres, apellidos, usuario_modifica, id_persona, usuario_crea, fecha_crea ) values ( 'TIPOIDENUM_1', '2014-01-01 00:00:00', 'num_id5', 'ESTADOENUM_1', 'nombres5', 'apellidos5', 'usuario_modifica5', 5, 'usuario_crea5', '2014-01-01 00:00:00' );
insert into mgs_persona( tipo_id, fecha_modifica, num_id, estado, nombres, apellidos, usuario_modifica, id_persona, usuario_crea, fecha_crea ) values ( 'TIPOIDENUM_1', '2014-01-01 00:00:00', 'num_id6', 'ESTADOENUM_1', 'nombres6', 'apellidos6', 'usuario_modifica6', 6, 'usuario_crea6', '2014-01-01 00:00:00' );
insert into mgs_persona( tipo_id, fecha_modifica, num_id, estado, nombres, apellidos, usuario_modifica, id_persona, usuario_crea, fecha_crea ) values ( 'TIPOIDENUM_1', '2014-01-01 00:00:00', 'num_id7', 'ESTADOENUM_1', 'nombres7', 'apellidos7', 'usuario_modifica7', 7, 'usuario_crea7', '2014-01-01 00:00:00' );
insert into mgs_persona( tipo_id, fecha_modifica, num_id, estado, nombres, apellidos, usuario_modifica, id_persona, usuario_crea, fecha_crea ) values ( 'TIPOIDENUM_1', '2014-01-01 00:00:00', 'num_id8', 'ESTADOENUM_1', 'nombres8', 'apellidos8', 'usuario_modifica8', 8, 'usuario_crea8', '2014-01-01 00:00:00' );
insert into mgs_persona( tipo_id, fecha_modifica, num_id, estado, nombres, apellidos, usuario_modifica, id_persona, usuario_crea, fecha_crea ) values ( 'TIPOIDENUM_1', '2014-01-01 00:00:00', 'num_id9', 'ESTADOENUM_1', 'nombres9', 'apellidos9', 'usuario_modifica9', 9, 'usuario_crea9', '2014-01-01 00:00:00' );

-- Tabla mgs_p_ocupacion
insert into mgs_p_ocupacion( id_p_ocupacion, fecha_modifica, estado, valor, usuario_modifica, usuario_crea, fecha_crea ) values ( 0, '2014-01-01 00:00:00', 'ESTADOENUM_1', 'valor0', 'usuario_modifica0', 'usuario_crea0', '2014-01-01 00:00:00' );
insert into mgs_p_ocupacion( id_p_ocupacion, fecha_modifica, estado, valor, usuario_modifica, usuario_crea, fecha_crea ) values ( 1, '2014-01-01 00:00:00', 'ESTADOENUM_1', 'valor1', 'usuario_modifica1', 'usuario_crea1', '2014-01-01 00:00:00' );
insert into mgs_p_ocupacion( id_p_ocupacion, fecha_modifica, estado, valor, usuario_modifica, usuario_crea, fecha_crea ) values ( 2, '2014-01-01 00:00:00', 'ESTADOENUM_1', 'valor2', 'usuario_modifica2', 'usuario_crea2', '2014-01-01 00:00:00' );
insert into mgs_p_ocupacion( id_p_ocupacion, fecha_modifica, estado, valor, usuario_modifica, usuario_crea, fecha_crea ) values ( 3, '2014-01-01 00:00:00', 'ESTADOENUM_1', 'valor3', 'usuario_modifica3', 'usuario_crea3', '2014-01-01 00:00:00' );
insert into mgs_p_ocupacion( id_p_ocupacion, fecha_modifica, estado, valor, usuario_modifica, usuario_crea, fecha_crea ) values ( 4, '2014-01-01 00:00:00', 'ESTADOENUM_1', 'valor4', 'usuario_modifica4', 'usuario_crea4', '2014-01-01 00:00:00' );
insert into mgs_p_ocupacion( id_p_ocupacion, fecha_modifica, estado, valor, usuario_modifica, usuario_crea, fecha_crea ) values ( 5, '2014-01-01 00:00:00', 'ESTADOENUM_1', 'valor5', 'usuario_modifica5', 'usuario_crea5', '2014-01-01 00:00:00' );
insert into mgs_p_ocupacion( id_p_ocupacion, fecha_modifica, estado, valor, usuario_modifica, usuario_crea, fecha_crea ) values ( 6, '2014-01-01 00:00:00', 'ESTADOENUM_1', 'valor6', 'usuario_modifica6', 'usuario_crea6', '2014-01-01 00:00:00' );
insert into mgs_p_ocupacion( id_p_ocupacion, fecha_modifica, estado, valor, usuario_modifica, usuario_crea, fecha_crea ) values ( 7, '2014-01-01 00:00:00', 'ESTADOENUM_1', 'valor7', 'usuario_modifica7', 'usuario_crea7', '2014-01-01 00:00:00' );
insert into mgs_p_ocupacion( id_p_ocupacion, fecha_modifica, estado, valor, usuario_modifica, usuario_crea, fecha_crea ) values ( 8, '2014-01-01 00:00:00', 'ESTADOENUM_1', 'valor8', 'usuario_modifica8', 'usuario_crea8', '2014-01-01 00:00:00' );
insert into mgs_p_ocupacion( id_p_ocupacion, fecha_modifica, estado, valor, usuario_modifica, usuario_crea, fecha_crea ) values ( 9, '2014-01-01 00:00:00', 'ESTADOENUM_1', 'valor9', 'usuario_modifica9', 'usuario_crea9', '2014-01-01 00:00:00' );

-- Tabla mgs_p_material_vivienda
insert into mgs_p_material_vivienda( fecha_modifica, estado, valor, usuario_modifica, usuario_crea, fecha_crea, id_p_material_vivienda ) values ( '2014-01-01 00:00:00', 'ESTADOENUM_1', 'valor0', 'usuario_modifica0', 'usuario_crea0', '2014-01-01 00:00:00', 0 );
insert into mgs_p_material_vivienda( fecha_modifica, estado, valor, usuario_modifica, usuario_crea, fecha_crea, id_p_material_vivienda ) values ( '2014-01-01 00:00:00', 'ESTADOENUM_1', 'valor1', 'usuario_modifica1', 'usuario_crea1', '2014-01-01 00:00:00', 1 );
insert into mgs_p_material_vivienda( fecha_modifica, estado, valor, usuario_modifica, usuario_crea, fecha_crea, id_p_material_vivienda ) values ( '2014-01-01 00:00:00', 'ESTADOENUM_1', 'valor2', 'usuario_modifica2', 'usuario_crea2', '2014-01-01 00:00:00', 2 );
insert into mgs_p_material_vivienda( fecha_modifica, estado, valor, usuario_modifica, usuario_crea, fecha_crea, id_p_material_vivienda ) values ( '2014-01-01 00:00:00', 'ESTADOENUM_1', 'valor3', 'usuario_modifica3', 'usuario_crea3', '2014-01-01 00:00:00', 3 );
insert into mgs_p_material_vivienda( fecha_modifica, estado, valor, usuario_modifica, usuario_crea, fecha_crea, id_p_material_vivienda ) values ( '2014-01-01 00:00:00', 'ESTADOENUM_1', 'valor4', 'usuario_modifica4', 'usuario_crea4', '2014-01-01 00:00:00', 4 );
insert into mgs_p_material_vivienda( fecha_modifica, estado, valor, usuario_modifica, usuario_crea, fecha_crea, id_p_material_vivienda ) values ( '2014-01-01 00:00:00', 'ESTADOENUM_1', 'valor5', 'usuario_modifica5', 'usuario_crea5', '2014-01-01 00:00:00', 5 );
insert into mgs_p_material_vivienda( fecha_modifica, estado, valor, usuario_modifica, usuario_crea, fecha_crea, id_p_material_vivienda ) values ( '2014-01-01 00:00:00', 'ESTADOENUM_1', 'valor6', 'usuario_modifica6', 'usuario_crea6', '2014-01-01 00:00:00', 6 );
insert into mgs_p_material_vivienda( fecha_modifica, estado, valor, usuario_modifica, usuario_crea, fecha_crea, id_p_material_vivienda ) values ( '2014-01-01 00:00:00', 'ESTADOENUM_1', 'valor7', 'usuario_modifica7', 'usuario_crea7', '2014-01-01 00:00:00', 7 );
insert into mgs_p_material_vivienda( fecha_modifica, estado, valor, usuario_modifica, usuario_crea, fecha_crea, id_p_material_vivienda ) values ( '2014-01-01 00:00:00', 'ESTADOENUM_1', 'valor8', 'usuario_modifica8', 'usuario_crea8', '2014-01-01 00:00:00', 8 );
insert into mgs_p_material_vivienda( fecha_modifica, estado, valor, usuario_modifica, usuario_crea, fecha_crea, id_p_material_vivienda ) values ( '2014-01-01 00:00:00', 'ESTADOENUM_1', 'valor9', 'usuario_modifica9', 'usuario_crea9', '2014-01-01 00:00:00', 9 );

-- Tabla mgs_p_rol_fundacion
insert into mgs_p_rol_fundacion( fecha_modifica, estado, id_p_rol_fundacion, valor, usuario_modifica, usuario_crea, fecha_crea ) values ( '2014-01-01 00:00:00', 'ESTADOENUM_1', 0, 'valor0', 'usuario_modifica0', 'usuario_crea0', '2014-01-01 00:00:00' );
insert into mgs_p_rol_fundacion( fecha_modifica, estado, id_p_rol_fundacion, valor, usuario_modifica, usuario_crea, fecha_crea ) values ( '2014-01-01 00:00:00', 'ESTADOENUM_1', 1, 'valor1', 'usuario_modifica1', 'usuario_crea1', '2014-01-01 00:00:00' );
insert into mgs_p_rol_fundacion( fecha_modifica, estado, id_p_rol_fundacion, valor, usuario_modifica, usuario_crea, fecha_crea ) values ( '2014-01-01 00:00:00', 'ESTADOENUM_1', 2, 'valor2', 'usuario_modifica2', 'usuario_crea2', '2014-01-01 00:00:00' );
insert into mgs_p_rol_fundacion( fecha_modifica, estado, id_p_rol_fundacion, valor, usuario_modifica, usuario_crea, fecha_crea ) values ( '2014-01-01 00:00:00', 'ESTADOENUM_1', 3, 'valor3', 'usuario_modifica3', 'usuario_crea3', '2014-01-01 00:00:00' );
insert into mgs_p_rol_fundacion( fecha_modifica, estado, id_p_rol_fundacion, valor, usuario_modifica, usuario_crea, fecha_crea ) values ( '2014-01-01 00:00:00', 'ESTADOENUM_1', 4, 'valor4', 'usuario_modifica4', 'usuario_crea4', '2014-01-01 00:00:00' );
insert into mgs_p_rol_fundacion( fecha_modifica, estado, id_p_rol_fundacion, valor, usuario_modifica, usuario_crea, fecha_crea ) values ( '2014-01-01 00:00:00', 'ESTADOENUM_1', 5, 'valor5', 'usuario_modifica5', 'usuario_crea5', '2014-01-01 00:00:00' );
insert into mgs_p_rol_fundacion( fecha_modifica, estado, id_p_rol_fundacion, valor, usuario_modifica, usuario_crea, fecha_crea ) values ( '2014-01-01 00:00:00', 'ESTADOENUM_1', 6, 'valor6', 'usuario_modifica6', 'usuario_crea6', '2014-01-01 00:00:00' );
insert into mgs_p_rol_fundacion( fecha_modifica, estado, id_p_rol_fundacion, valor, usuario_modifica, usuario_crea, fecha_crea ) values ( '2014-01-01 00:00:00', 'ESTADOENUM_1', 7, 'valor7', 'usuario_modifica7', 'usuario_crea7', '2014-01-01 00:00:00' );
insert into mgs_p_rol_fundacion( fecha_modifica, estado, id_p_rol_fundacion, valor, usuario_modifica, usuario_crea, fecha_crea ) values ( '2014-01-01 00:00:00', 'ESTADOENUM_1', 8, 'valor8', 'usuario_modifica8', 'usuario_crea8', '2014-01-01 00:00:00' );
insert into mgs_p_rol_fundacion( fecha_modifica, estado, id_p_rol_fundacion, valor, usuario_modifica, usuario_crea, fecha_crea ) values ( '2014-01-01 00:00:00', 'ESTADOENUM_1', 9, 'valor9', 'usuario_modifica9', 'usuario_crea9', '2014-01-01 00:00:00' );

-- Tabla mgs_p_cargo
insert into mgs_p_cargo( fecha_modifica, estado, valor, usuario_modifica, usuario_crea, fecha_crea, id_p_cargo ) values ( '2014-01-01 00:00:00', 'ESTADOENUM_1', 'valor0', 'usuario_modifica0', 'usuario_crea0', '2014-01-01 00:00:00', 0 );
insert into mgs_p_cargo( fecha_modifica, estado, valor, usuario_modifica, usuario_crea, fecha_crea, id_p_cargo ) values ( '2014-01-01 00:00:00', 'ESTADOENUM_1', 'valor1', 'usuario_modifica1', 'usuario_crea1', '2014-01-01 00:00:00', 1 );
insert into mgs_p_cargo( fecha_modifica, estado, valor, usuario_modifica, usuario_crea, fecha_crea, id_p_cargo ) values ( '2014-01-01 00:00:00', 'ESTADOENUM_1', 'valor2', 'usuario_modifica2', 'usuario_crea2', '2014-01-01 00:00:00', 2 );
insert into mgs_p_cargo( fecha_modifica, estado, valor, usuario_modifica, usuario_crea, fecha_crea, id_p_cargo ) values ( '2014-01-01 00:00:00', 'ESTADOENUM_1', 'valor3', 'usuario_modifica3', 'usuario_crea3', '2014-01-01 00:00:00', 3 );
insert into mgs_p_cargo( fecha_modifica, estado, valor, usuario_modifica, usuario_crea, fecha_crea, id_p_cargo ) values ( '2014-01-01 00:00:00', 'ESTADOENUM_1', 'valor4', 'usuario_modifica4', 'usuario_crea4', '2014-01-01 00:00:00', 4 );
insert into mgs_p_cargo( fecha_modifica, estado, valor, usuario_modifica, usuario_crea, fecha_crea, id_p_cargo ) values ( '2014-01-01 00:00:00', 'ESTADOENUM_1', 'valor5', 'usuario_modifica5', 'usuario_crea5', '2014-01-01 00:00:00', 5 );
insert into mgs_p_cargo( fecha_modifica, estado, valor, usuario_modifica, usuario_crea, fecha_crea, id_p_cargo ) values ( '2014-01-01 00:00:00', 'ESTADOENUM_1', 'valor6', 'usuario_modifica6', 'usuario_crea6', '2014-01-01 00:00:00', 6 );
insert into mgs_p_cargo( fecha_modifica, estado, valor, usuario_modifica, usuario_crea, fecha_crea, id_p_cargo ) values ( '2014-01-01 00:00:00', 'ESTADOENUM_1', 'valor7', 'usuario_modifica7', 'usuario_crea7', '2014-01-01 00:00:00', 7 );
insert into mgs_p_cargo( fecha_modifica, estado, valor, usuario_modifica, usuario_crea, fecha_crea, id_p_cargo ) values ( '2014-01-01 00:00:00', 'ESTADOENUM_1', 'valor8', 'usuario_modifica8', 'usuario_crea8', '2014-01-01 00:00:00', 8 );
insert into mgs_p_cargo( fecha_modifica, estado, valor, usuario_modifica, usuario_crea, fecha_crea, id_p_cargo ) values ( '2014-01-01 00:00:00', 'ESTADOENUM_1', 'valor9', 'usuario_modifica9', 'usuario_crea9', '2014-01-01 00:00:00', 9 );

-- Tabla mgs_p_afiliado_salud
insert into mgs_p_afiliado_salud( id_p_afiliado_salud, fecha_modifica, estado, valor, usuario_modifica, usuario_crea, fecha_crea ) values ( 0, '2014-01-01 00:00:00', 'ESTADOENUM_1', 'valor0', 'usuario_modifica0', 'usuario_crea0', '2014-01-01 00:00:00' );
insert into mgs_p_afiliado_salud( id_p_afiliado_salud, fecha_modifica, estado, valor, usuario_modifica, usuario_crea, fecha_crea ) values ( 1, '2014-01-01 00:00:00', 'ESTADOENUM_1', 'valor1', 'usuario_modifica1', 'usuario_crea1', '2014-01-01 00:00:00' );
insert into mgs_p_afiliado_salud( id_p_afiliado_salud, fecha_modifica, estado, valor, usuario_modifica, usuario_crea, fecha_crea ) values ( 2, '2014-01-01 00:00:00', 'ESTADOENUM_1', 'valor2', 'usuario_modifica2', 'usuario_crea2', '2014-01-01 00:00:00' );
insert into mgs_p_afiliado_salud( id_p_afiliado_salud, fecha_modifica, estado, valor, usuario_modifica, usuario_crea, fecha_crea ) values ( 3, '2014-01-01 00:00:00', 'ESTADOENUM_1', 'valor3', 'usuario_modifica3', 'usuario_crea3', '2014-01-01 00:00:00' );
insert into mgs_p_afiliado_salud( id_p_afiliado_salud, fecha_modifica, estado, valor, usuario_modifica, usuario_crea, fecha_crea ) values ( 4, '2014-01-01 00:00:00', 'ESTADOENUM_1', 'valor4', 'usuario_modifica4', 'usuario_crea4', '2014-01-01 00:00:00' );
insert into mgs_p_afiliado_salud( id_p_afiliado_salud, fecha_modifica, estado, valor, usuario_modifica, usuario_crea, fecha_crea ) values ( 5, '2014-01-01 00:00:00', 'ESTADOENUM_1', 'valor5', 'usuario_modifica5', 'usuario_crea5', '2014-01-01 00:00:00' );
insert into mgs_p_afiliado_salud( id_p_afiliado_salud, fecha_modifica, estado, valor, usuario_modifica, usuario_crea, fecha_crea ) values ( 6, '2014-01-01 00:00:00', 'ESTADOENUM_1', 'valor6', 'usuario_modifica6', 'usuario_crea6', '2014-01-01 00:00:00' );
insert into mgs_p_afiliado_salud( id_p_afiliado_salud, fecha_modifica, estado, valor, usuario_modifica, usuario_crea, fecha_crea ) values ( 7, '2014-01-01 00:00:00', 'ESTADOENUM_1', 'valor7', 'usuario_modifica7', 'usuario_crea7', '2014-01-01 00:00:00' );
insert into mgs_p_afiliado_salud( id_p_afiliado_salud, fecha_modifica, estado, valor, usuario_modifica, usuario_crea, fecha_crea ) values ( 8, '2014-01-01 00:00:00', 'ESTADOENUM_1', 'valor8', 'usuario_modifica8', 'usuario_crea8', '2014-01-01 00:00:00' );
insert into mgs_p_afiliado_salud( id_p_afiliado_salud, fecha_modifica, estado, valor, usuario_modifica, usuario_crea, fecha_crea ) values ( 9, '2014-01-01 00:00:00', 'ESTADOENUM_1', 'valor9', 'usuario_modifica9', 'usuario_crea9', '2014-01-01 00:00:00' );

-- Tabla mgs_p_estructura_familiar
insert into mgs_p_estructura_familiar( fecha_modifica, estado, id_p_estructura_familiar, valor, usuario_modifica, usuario_crea, fecha_crea ) values ( '2014-01-01 00:00:00', 'ESTADOENUM_1', 0, 'valor0', 'usuario_modifica0', 'usuario_crea0', '2014-01-01 00:00:00' );
insert into mgs_p_estructura_familiar( fecha_modifica, estado, id_p_estructura_familiar, valor, usuario_modifica, usuario_crea, fecha_crea ) values ( '2014-01-01 00:00:00', 'ESTADOENUM_1', 1, 'valor1', 'usuario_modifica1', 'usuario_crea1', '2014-01-01 00:00:00' );
insert into mgs_p_estructura_familiar( fecha_modifica, estado, id_p_estructura_familiar, valor, usuario_modifica, usuario_crea, fecha_crea ) values ( '2014-01-01 00:00:00', 'ESTADOENUM_1', 2, 'valor2', 'usuario_modifica2', 'usuario_crea2', '2014-01-01 00:00:00' );
insert into mgs_p_estructura_familiar( fecha_modifica, estado, id_p_estructura_familiar, valor, usuario_modifica, usuario_crea, fecha_crea ) values ( '2014-01-01 00:00:00', 'ESTADOENUM_1', 3, 'valor3', 'usuario_modifica3', 'usuario_crea3', '2014-01-01 00:00:00' );
insert into mgs_p_estructura_familiar( fecha_modifica, estado, id_p_estructura_familiar, valor, usuario_modifica, usuario_crea, fecha_crea ) values ( '2014-01-01 00:00:00', 'ESTADOENUM_1', 4, 'valor4', 'usuario_modifica4', 'usuario_crea4', '2014-01-01 00:00:00' );
insert into mgs_p_estructura_familiar( fecha_modifica, estado, id_p_estructura_familiar, valor, usuario_modifica, usuario_crea, fecha_crea ) values ( '2014-01-01 00:00:00', 'ESTADOENUM_1', 5, 'valor5', 'usuario_modifica5', 'usuario_crea5', '2014-01-01 00:00:00' );
insert into mgs_p_estructura_familiar( fecha_modifica, estado, id_p_estructura_familiar, valor, usuario_modifica, usuario_crea, fecha_crea ) values ( '2014-01-01 00:00:00', 'ESTADOENUM_1', 6, 'valor6', 'usuario_modifica6', 'usuario_crea6', '2014-01-01 00:00:00' );
insert into mgs_p_estructura_familiar( fecha_modifica, estado, id_p_estructura_familiar, valor, usuario_modifica, usuario_crea, fecha_crea ) values ( '2014-01-01 00:00:00', 'ESTADOENUM_1', 7, 'valor7', 'usuario_modifica7', 'usuario_crea7', '2014-01-01 00:00:00' );
insert into mgs_p_estructura_familiar( fecha_modifica, estado, id_p_estructura_familiar, valor, usuario_modifica, usuario_crea, fecha_crea ) values ( '2014-01-01 00:00:00', 'ESTADOENUM_1', 8, 'valor8', 'usuario_modifica8', 'usuario_crea8', '2014-01-01 00:00:00' );
insert into mgs_p_estructura_familiar( fecha_modifica, estado, id_p_estructura_familiar, valor, usuario_modifica, usuario_crea, fecha_crea ) values ( '2014-01-01 00:00:00', 'ESTADOENUM_1', 9, 'valor9', 'usuario_modifica9', 'usuario_crea9', '2014-01-01 00:00:00' );

-- Tabla mgs_p_tipo_contacto
insert into mgs_p_tipo_contacto( fecha_modifica, estado, valor, usuario_modifica, usuario_crea, fecha_crea, id_p_tipo_contacto ) values ( '2014-01-01 00:00:00', 'ESTADOENUM_1', 'valor0', 'usuario_modifica0', 'usuario_crea0', '2014-01-01 00:00:00', 0 );
insert into mgs_p_tipo_contacto( fecha_modifica, estado, valor, usuario_modifica, usuario_crea, fecha_crea, id_p_tipo_contacto ) values ( '2014-01-01 00:00:00', 'ESTADOENUM_1', 'valor1', 'usuario_modifica1', 'usuario_crea1', '2014-01-01 00:00:00', 1 );
insert into mgs_p_tipo_contacto( fecha_modifica, estado, valor, usuario_modifica, usuario_crea, fecha_crea, id_p_tipo_contacto ) values ( '2014-01-01 00:00:00', 'ESTADOENUM_1', 'valor2', 'usuario_modifica2', 'usuario_crea2', '2014-01-01 00:00:00', 2 );
insert into mgs_p_tipo_contacto( fecha_modifica, estado, valor, usuario_modifica, usuario_crea, fecha_crea, id_p_tipo_contacto ) values ( '2014-01-01 00:00:00', 'ESTADOENUM_1', 'valor3', 'usuario_modifica3', 'usuario_crea3', '2014-01-01 00:00:00', 3 );
insert into mgs_p_tipo_contacto( fecha_modifica, estado, valor, usuario_modifica, usuario_crea, fecha_crea, id_p_tipo_contacto ) values ( '2014-01-01 00:00:00', 'ESTADOENUM_1', 'valor4', 'usuario_modifica4', 'usuario_crea4', '2014-01-01 00:00:00', 4 );
insert into mgs_p_tipo_contacto( fecha_modifica, estado, valor, usuario_modifica, usuario_crea, fecha_crea, id_p_tipo_contacto ) values ( '2014-01-01 00:00:00', 'ESTADOENUM_1', 'valor5', 'usuario_modifica5', 'usuario_crea5', '2014-01-01 00:00:00', 5 );
insert into mgs_p_tipo_contacto( fecha_modifica, estado, valor, usuario_modifica, usuario_crea, fecha_crea, id_p_tipo_contacto ) values ( '2014-01-01 00:00:00', 'ESTADOENUM_1', 'valor6', 'usuario_modifica6', 'usuario_crea6', '2014-01-01 00:00:00', 6 );
insert into mgs_p_tipo_contacto( fecha_modifica, estado, valor, usuario_modifica, usuario_crea, fecha_crea, id_p_tipo_contacto ) values ( '2014-01-01 00:00:00', 'ESTADOENUM_1', 'valor7', 'usuario_modifica7', 'usuario_crea7', '2014-01-01 00:00:00', 7 );
insert into mgs_p_tipo_contacto( fecha_modifica, estado, valor, usuario_modifica, usuario_crea, fecha_crea, id_p_tipo_contacto ) values ( '2014-01-01 00:00:00', 'ESTADOENUM_1', 'valor8', 'usuario_modifica8', 'usuario_crea8', '2014-01-01 00:00:00', 8 );
insert into mgs_p_tipo_contacto( fecha_modifica, estado, valor, usuario_modifica, usuario_crea, fecha_crea, id_p_tipo_contacto ) values ( '2014-01-01 00:00:00', 'ESTADOENUM_1', 'valor9', 'usuario_modifica9', 'usuario_crea9', '2014-01-01 00:00:00', 9 );

-- Tabla mgs_p_tipo_aliado
insert into mgs_p_tipo_aliado( id_p_tipo_aliado, fecha_modifica, estado, valor, usuario_modifica, usuario_crea, fecha_crea ) values ( 0, '2014-01-01 00:00:00', 'ESTADOENUM_1', 'valor0', 'usuario_modifica0', 'usuario_crea0', '2014-01-01 00:00:00' );
insert into mgs_p_tipo_aliado( id_p_tipo_aliado, fecha_modifica, estado, valor, usuario_modifica, usuario_crea, fecha_crea ) values ( 1, '2014-01-01 00:00:00', 'ESTADOENUM_1', 'valor1', 'usuario_modifica1', 'usuario_crea1', '2014-01-01 00:00:00' );
insert into mgs_p_tipo_aliado( id_p_tipo_aliado, fecha_modifica, estado, valor, usuario_modifica, usuario_crea, fecha_crea ) values ( 2, '2014-01-01 00:00:00', 'ESTADOENUM_1', 'valor2', 'usuario_modifica2', 'usuario_crea2', '2014-01-01 00:00:00' );
insert into mgs_p_tipo_aliado( id_p_tipo_aliado, fecha_modifica, estado, valor, usuario_modifica, usuario_crea, fecha_crea ) values ( 3, '2014-01-01 00:00:00', 'ESTADOENUM_1', 'valor3', 'usuario_modifica3', 'usuario_crea3', '2014-01-01 00:00:00' );
insert into mgs_p_tipo_aliado( id_p_tipo_aliado, fecha_modifica, estado, valor, usuario_modifica, usuario_crea, fecha_crea ) values ( 4, '2014-01-01 00:00:00', 'ESTADOENUM_1', 'valor4', 'usuario_modifica4', 'usuario_crea4', '2014-01-01 00:00:00' );
insert into mgs_p_tipo_aliado( id_p_tipo_aliado, fecha_modifica, estado, valor, usuario_modifica, usuario_crea, fecha_crea ) values ( 5, '2014-01-01 00:00:00', 'ESTADOENUM_1', 'valor5', 'usuario_modifica5', 'usuario_crea5', '2014-01-01 00:00:00' );
insert into mgs_p_tipo_aliado( id_p_tipo_aliado, fecha_modifica, estado, valor, usuario_modifica, usuario_crea, fecha_crea ) values ( 6, '2014-01-01 00:00:00', 'ESTADOENUM_1', 'valor6', 'usuario_modifica6', 'usuario_crea6', '2014-01-01 00:00:00' );
insert into mgs_p_tipo_aliado( id_p_tipo_aliado, fecha_modifica, estado, valor, usuario_modifica, usuario_crea, fecha_crea ) values ( 7, '2014-01-01 00:00:00', 'ESTADOENUM_1', 'valor7', 'usuario_modifica7', 'usuario_crea7', '2014-01-01 00:00:00' );
insert into mgs_p_tipo_aliado( id_p_tipo_aliado, fecha_modifica, estado, valor, usuario_modifica, usuario_crea, fecha_crea ) values ( 8, '2014-01-01 00:00:00', 'ESTADOENUM_1', 'valor8', 'usuario_modifica8', 'usuario_crea8', '2014-01-01 00:00:00' );
insert into mgs_p_tipo_aliado( id_p_tipo_aliado, fecha_modifica, estado, valor, usuario_modifica, usuario_crea, fecha_crea ) values ( 9, '2014-01-01 00:00:00', 'ESTADOENUM_1', 'valor9', 'usuario_modifica9', 'usuario_crea9', '2014-01-01 00:00:00' );

-- Tabla mgs_usuario
insert into mgs_usuario( fecha_modifica, estado, nombre_usuario, id_usuario, usuario_modifica, id_persona, usuario_crea, fecha_crea, id_p_cargo, contrasena ) values ( '2014-01-01 00:00:00', 'ESTADOENUM_1', 'nombre_usuario0', 0, 'usuario_modifica0', 0, 'usuario_crea0', '2014-01-01 00:00:00', 0, 'contrasena0' );
insert into mgs_usuario( fecha_modifica, estado, nombre_usuario, id_usuario, usuario_modifica, id_persona, usuario_crea, fecha_crea, id_p_cargo, contrasena ) values ( '2014-01-01 00:00:00', 'ESTADOENUM_1', 'nombre_usuario1', 1, 'usuario_modifica1', 1, 'usuario_crea1', '2014-01-01 00:00:00', 1, 'contrasena1' );
insert into mgs_usuario( fecha_modifica, estado, nombre_usuario, id_usuario, usuario_modifica, id_persona, usuario_crea, fecha_crea, id_p_cargo, contrasena ) values ( '2014-01-01 00:00:00', 'ESTADOENUM_1', 'nombre_usuario2', 2, 'usuario_modifica2', 2, 'usuario_crea2', '2014-01-01 00:00:00', 2, 'contrasena2' );
insert into mgs_usuario( fecha_modifica, estado, nombre_usuario, id_usuario, usuario_modifica, id_persona, usuario_crea, fecha_crea, id_p_cargo, contrasena ) values ( '2014-01-01 00:00:00', 'ESTADOENUM_1', 'nombre_usuario3', 3, 'usuario_modifica3', 3, 'usuario_crea3', '2014-01-01 00:00:00', 3, 'contrasena3' );
insert into mgs_usuario( fecha_modifica, estado, nombre_usuario, id_usuario, usuario_modifica, id_persona, usuario_crea, fecha_crea, id_p_cargo, contrasena ) values ( '2014-01-01 00:00:00', 'ESTADOENUM_1', 'nombre_usuario4', 4, 'usuario_modifica4', 4, 'usuario_crea4', '2014-01-01 00:00:00', 4, 'contrasena4' );
insert into mgs_usuario( fecha_modifica, estado, nombre_usuario, id_usuario, usuario_modifica, id_persona, usuario_crea, fecha_crea, id_p_cargo, contrasena ) values ( '2014-01-01 00:00:00', 'ESTADOENUM_1', 'nombre_usuario5', 5, 'usuario_modifica5', 5, 'usuario_crea5', '2014-01-01 00:00:00', 5, 'contrasena5' );
insert into mgs_usuario( fecha_modifica, estado, nombre_usuario, id_usuario, usuario_modifica, id_persona, usuario_crea, fecha_crea, id_p_cargo, contrasena ) values ( '2014-01-01 00:00:00', 'ESTADOENUM_1', 'nombre_usuario6', 6, 'usuario_modifica6', 6, 'usuario_crea6', '2014-01-01 00:00:00', 6, 'contrasena6' );
insert into mgs_usuario( fecha_modifica, estado, nombre_usuario, id_usuario, usuario_modifica, id_persona, usuario_crea, fecha_crea, id_p_cargo, contrasena ) values ( '2014-01-01 00:00:00', 'ESTADOENUM_1', 'nombre_usuario7', 7, 'usuario_modifica7', 7, 'usuario_crea7', '2014-01-01 00:00:00', 7, 'contrasena7' );
insert into mgs_usuario( fecha_modifica, estado, nombre_usuario, id_usuario, usuario_modifica, id_persona, usuario_crea, fecha_crea, id_p_cargo, contrasena ) values ( '2014-01-01 00:00:00', 'ESTADOENUM_1', 'nombre_usuario8', 8, 'usuario_modifica8', 8, 'usuario_crea8', '2014-01-01 00:00:00', 8, 'contrasena8' );
insert into mgs_usuario( fecha_modifica, estado, nombre_usuario, id_usuario, usuario_modifica, id_persona, usuario_crea, fecha_crea, id_p_cargo, contrasena ) values ( '2014-01-01 00:00:00', 'ESTADOENUM_1', 'nombre_usuario9', 9, 'usuario_modifica9', 9, 'usuario_crea9', '2014-01-01 00:00:00', 9, 'contrasena9' );

-- Tabla mgs_lider
insert into mgs_lider( fecha_modifica, estado, id_lider, usuario_modifica, id_persona, usuario_crea, fecha_crea, organizacion_comun ) values ( '2014-01-01 00:00:00', 'ESTADOENUM_1', 0, 'usuario_modifica0', 0, 'usuario_crea0', '2014-01-01 00:00:00', 'organizacion_comun0' );
insert into mgs_lider( fecha_modifica, estado, id_lider, usuario_modifica, id_persona, usuario_crea, fecha_crea, organizacion_comun ) values ( '2014-01-01 00:00:00', 'ESTADOENUM_1', 1, 'usuario_modifica1', 1, 'usuario_crea1', '2014-01-01 00:00:00', 'organizacion_comun1' );
insert into mgs_lider( fecha_modifica, estado, id_lider, usuario_modifica, id_persona, usuario_crea, fecha_crea, organizacion_comun ) values ( '2014-01-01 00:00:00', 'ESTADOENUM_1', 2, 'usuario_modifica2', 2, 'usuario_crea2', '2014-01-01 00:00:00', 'organizacion_comun2' );
insert into mgs_lider( fecha_modifica, estado, id_lider, usuario_modifica, id_persona, usuario_crea, fecha_crea, organizacion_comun ) values ( '2014-01-01 00:00:00', 'ESTADOENUM_1', 3, 'usuario_modifica3', 3, 'usuario_crea3', '2014-01-01 00:00:00', 'organizacion_comun3' );
insert into mgs_lider( fecha_modifica, estado, id_lider, usuario_modifica, id_persona, usuario_crea, fecha_crea, organizacion_comun ) values ( '2014-01-01 00:00:00', 'ESTADOENUM_1', 4, 'usuario_modifica4', 4, 'usuario_crea4', '2014-01-01 00:00:00', 'organizacion_comun4' );
insert into mgs_lider( fecha_modifica, estado, id_lider, usuario_modifica, id_persona, usuario_crea, fecha_crea, organizacion_comun ) values ( '2014-01-01 00:00:00', 'ESTADOENUM_1', 5, 'usuario_modifica5', 5, 'usuario_crea5', '2014-01-01 00:00:00', 'organizacion_comun5' );
insert into mgs_lider( fecha_modifica, estado, id_lider, usuario_modifica, id_persona, usuario_crea, fecha_crea, organizacion_comun ) values ( '2014-01-01 00:00:00', 'ESTADOENUM_1', 6, 'usuario_modifica6', 6, 'usuario_crea6', '2014-01-01 00:00:00', 'organizacion_comun6' );
insert into mgs_lider( fecha_modifica, estado, id_lider, usuario_modifica, id_persona, usuario_crea, fecha_crea, organizacion_comun ) values ( '2014-01-01 00:00:00', 'ESTADOENUM_1', 7, 'usuario_modifica7', 7, 'usuario_crea7', '2014-01-01 00:00:00', 'organizacion_comun7' );
insert into mgs_lider( fecha_modifica, estado, id_lider, usuario_modifica, id_persona, usuario_crea, fecha_crea, organizacion_comun ) values ( '2014-01-01 00:00:00', 'ESTADOENUM_1', 8, 'usuario_modifica8', 8, 'usuario_crea8', '2014-01-01 00:00:00', 'organizacion_comun8' );
insert into mgs_lider( fecha_modifica, estado, id_lider, usuario_modifica, id_persona, usuario_crea, fecha_crea, organizacion_comun ) values ( '2014-01-01 00:00:00', 'ESTADOENUM_1', 9, 'usuario_modifica9', 9, 'usuario_crea9', '2014-01-01 00:00:00', 'organizacion_comun9' );

-- Tabla mgs_p_tipo_territorio
insert into mgs_p_tipo_territorio( fecha_modifica, id_p_tipo, estado, valor, usuario_modifica, usuario_crea, id_p_zona, fecha_crea ) values ( '2014-01-01 00:00:00', 0, 'ESTADOENUM_1', 'valor0', 'usuario_modifica0', 'usuario_crea0', 0, '2014-01-01 00:00:00' );
insert into mgs_p_tipo_territorio( fecha_modifica, id_p_tipo, estado, valor, usuario_modifica, usuario_crea, id_p_zona, fecha_crea ) values ( '2014-01-01 00:00:00', 1, 'ESTADOENUM_1', 'valor1', 'usuario_modifica1', 'usuario_crea1', 1, '2014-01-01 00:00:00' );
insert into mgs_p_tipo_territorio( fecha_modifica, id_p_tipo, estado, valor, usuario_modifica, usuario_crea, id_p_zona, fecha_crea ) values ( '2014-01-01 00:00:00', 2, 'ESTADOENUM_1', 'valor2', 'usuario_modifica2', 'usuario_crea2', 2, '2014-01-01 00:00:00' );
insert into mgs_p_tipo_territorio( fecha_modifica, id_p_tipo, estado, valor, usuario_modifica, usuario_crea, id_p_zona, fecha_crea ) values ( '2014-01-01 00:00:00', 3, 'ESTADOENUM_1', 'valor3', 'usuario_modifica3', 'usuario_crea3', 3, '2014-01-01 00:00:00' );
insert into mgs_p_tipo_territorio( fecha_modifica, id_p_tipo, estado, valor, usuario_modifica, usuario_crea, id_p_zona, fecha_crea ) values ( '2014-01-01 00:00:00', 4, 'ESTADOENUM_1', 'valor4', 'usuario_modifica4', 'usuario_crea4', 4, '2014-01-01 00:00:00' );
insert into mgs_p_tipo_territorio( fecha_modifica, id_p_tipo, estado, valor, usuario_modifica, usuario_crea, id_p_zona, fecha_crea ) values ( '2014-01-01 00:00:00', 5, 'ESTADOENUM_1', 'valor5', 'usuario_modifica5', 'usuario_crea5', 5, '2014-01-01 00:00:00' );
insert into mgs_p_tipo_territorio( fecha_modifica, id_p_tipo, estado, valor, usuario_modifica, usuario_crea, id_p_zona, fecha_crea ) values ( '2014-01-01 00:00:00', 6, 'ESTADOENUM_1', 'valor6', 'usuario_modifica6', 'usuario_crea6', 6, '2014-01-01 00:00:00' );
insert into mgs_p_tipo_territorio( fecha_modifica, id_p_tipo, estado, valor, usuario_modifica, usuario_crea, id_p_zona, fecha_crea ) values ( '2014-01-01 00:00:00', 7, 'ESTADOENUM_1', 'valor7', 'usuario_modifica7', 'usuario_crea7', 7, '2014-01-01 00:00:00' );
insert into mgs_p_tipo_territorio( fecha_modifica, id_p_tipo, estado, valor, usuario_modifica, usuario_crea, id_p_zona, fecha_crea ) values ( '2014-01-01 00:00:00', 8, 'ESTADOENUM_1', 'valor8', 'usuario_modifica8', 'usuario_crea8', 8, '2014-01-01 00:00:00' );
insert into mgs_p_tipo_territorio( fecha_modifica, id_p_tipo, estado, valor, usuario_modifica, usuario_crea, id_p_zona, fecha_crea ) values ( '2014-01-01 00:00:00', 9, 'ESTADOENUM_1', 'valor9', 'usuario_modifica9', 'usuario_crea9', 9, '2014-01-01 00:00:00' );

-- Tabla mgs_entidad
insert into mgs_entidad( tipo_id, fecha_modifica, id_persona_contacto, id_representante_legal, fecha_constitucion, info_convocatorias, nombre, id_entidad, num_id, estado, certificaciones, usuario_modifica, usuario_crea, fecha_crea, tipo_entidad ) values ( 'TIPOIDENUM_1', '2014-01-01 00:00:00', 0, 0, '2014-01-01 00:00:00', 'info_convocatorias0', 'nombre0', 0, 'num_id0', 'ESTADOENUM_1', 'certificaciones0', 'usuario_modifica0', 'usuario_crea0', '2014-01-01 00:00:00', 'tipo_entidad0' );
insert into mgs_entidad( tipo_id, fecha_modifica, id_persona_contacto, id_representante_legal, fecha_constitucion, info_convocatorias, nombre, id_entidad, num_id, estado, certificaciones, usuario_modifica, usuario_crea, fecha_crea, tipo_entidad ) values ( 'TIPOIDENUM_1', '2014-01-01 00:00:00', 1, 1, '2014-01-01 00:00:00', 'info_convocatorias1', 'nombre1', 1, 'num_id1', 'ESTADOENUM_1', 'certificaciones1', 'usuario_modifica1', 'usuario_crea1', '2014-01-01 00:00:00', 'tipo_entidad1' );
insert into mgs_entidad( tipo_id, fecha_modifica, id_persona_contacto, id_representante_legal, fecha_constitucion, info_convocatorias, nombre, id_entidad, num_id, estado, certificaciones, usuario_modifica, usuario_crea, fecha_crea, tipo_entidad ) values ( 'TIPOIDENUM_1', '2014-01-01 00:00:00', 2, 2, '2014-01-01 00:00:00', 'info_convocatorias2', 'nombre2', 2, 'num_id2', 'ESTADOENUM_1', 'certificaciones2', 'usuario_modifica2', 'usuario_crea2', '2014-01-01 00:00:00', 'tipo_entidad2' );
insert into mgs_entidad( tipo_id, fecha_modifica, id_persona_contacto, id_representante_legal, fecha_constitucion, info_convocatorias, nombre, id_entidad, num_id, estado, certificaciones, usuario_modifica, usuario_crea, fecha_crea, tipo_entidad ) values ( 'TIPOIDENUM_1', '2014-01-01 00:00:00', 3, 3, '2014-01-01 00:00:00', 'info_convocatorias3', 'nombre3', 3, 'num_id3', 'ESTADOENUM_1', 'certificaciones3', 'usuario_modifica3', 'usuario_crea3', '2014-01-01 00:00:00', 'tipo_entidad3' );
insert into mgs_entidad( tipo_id, fecha_modifica, id_persona_contacto, id_representante_legal, fecha_constitucion, info_convocatorias, nombre, id_entidad, num_id, estado, certificaciones, usuario_modifica, usuario_crea, fecha_crea, tipo_entidad ) values ( 'TIPOIDENUM_1', '2014-01-01 00:00:00', 4, 4, '2014-01-01 00:00:00', 'info_convocatorias4', 'nombre4', 4, 'num_id4', 'ESTADOENUM_1', 'certificaciones4', 'usuario_modifica4', 'usuario_crea4', '2014-01-01 00:00:00', 'tipo_entidad4' );
insert into mgs_entidad( tipo_id, fecha_modifica, id_persona_contacto, id_representante_legal, fecha_constitucion, info_convocatorias, nombre, id_entidad, num_id, estado, certificaciones, usuario_modifica, usuario_crea, fecha_crea, tipo_entidad ) values ( 'TIPOIDENUM_1', '2014-01-01 00:00:00', 5, 5, '2014-01-01 00:00:00', 'info_convocatorias5', 'nombre5', 5, 'num_id5', 'ESTADOENUM_1', 'certificaciones5', 'usuario_modifica5', 'usuario_crea5', '2014-01-01 00:00:00', 'tipo_entidad5' );
insert into mgs_entidad( tipo_id, fecha_modifica, id_persona_contacto, id_representante_legal, fecha_constitucion, info_convocatorias, nombre, id_entidad, num_id, estado, certificaciones, usuario_modifica, usuario_crea, fecha_crea, tipo_entidad ) values ( 'TIPOIDENUM_1', '2014-01-01 00:00:00', 6, 6, '2014-01-01 00:00:00', 'info_convocatorias6', 'nombre6', 6, 'num_id6', 'ESTADOENUM_1', 'certificaciones6', 'usuario_modifica6', 'usuario_crea6', '2014-01-01 00:00:00', 'tipo_entidad6' );
insert into mgs_entidad( tipo_id, fecha_modifica, id_persona_contacto, id_representante_legal, fecha_constitucion, info_convocatorias, nombre, id_entidad, num_id, estado, certificaciones, usuario_modifica, usuario_crea, fecha_crea, tipo_entidad ) values ( 'TIPOIDENUM_1', '2014-01-01 00:00:00', 7, 7, '2014-01-01 00:00:00', 'info_convocatorias7', 'nombre7', 7, 'num_id7', 'ESTADOENUM_1', 'certificaciones7', 'usuario_modifica7', 'usuario_crea7', '2014-01-01 00:00:00', 'tipo_entidad7' );
insert into mgs_entidad( tipo_id, fecha_modifica, id_persona_contacto, id_representante_legal, fecha_constitucion, info_convocatorias, nombre, id_entidad, num_id, estado, certificaciones, usuario_modifica, usuario_crea, fecha_crea, tipo_entidad ) values ( 'TIPOIDENUM_1', '2014-01-01 00:00:00', 8, 8, '2014-01-01 00:00:00', 'info_convocatorias8', 'nombre8', 8, 'num_id8', 'ESTADOENUM_1', 'certificaciones8', 'usuario_modifica8', 'usuario_crea8', '2014-01-01 00:00:00', 'tipo_entidad8' );
insert into mgs_entidad( tipo_id, fecha_modifica, id_persona_contacto, id_representante_legal, fecha_constitucion, info_convocatorias, nombre, id_entidad, num_id, estado, certificaciones, usuario_modifica, usuario_crea, fecha_crea, tipo_entidad ) values ( 'TIPOIDENUM_1', '2014-01-01 00:00:00', 9, 9, '2014-01-01 00:00:00', 'info_convocatorias9', 'nombre9', 9, 'num_id9', 'ESTADOENUM_1', 'certificaciones9', 'usuario_modifica9', 'usuario_crea9', '2014-01-01 00:00:00', 'tipo_entidad9' );

-- Tabla mgs_beneficiario
insert into mgs_beneficiario( fecha_modifica, area_id, id_p_estructura_familiar, estrato_socioeconomico, estado_civil, id_p_desc_indep, id_p_nivel_educativo, otra_area_educacion, id_p_tipo_vivienda, cant_personas_hogar, organizacion_comunitaria, nivel_ingresos, cant_personas_cargo, usuario_crea, id_p_tipo_tenencia, id_p_zona, id_p_material_vivienda, id_p_bd_nacional, id_p_afiliado_salud, id_persona, grupo_etnico, id_p_ocupacion, genero, estado, usuario_modifica, fecha_crea, id_beneficiario, id_p_lugar_expedicion ) values ( '2014-01-01 00:00:00', 0, 0, 'ESTRATOSOCIOECONOMICOENUM_1', 0, 0, 0, 'otra_area_educacion0', 0, 0, 'organizacion_comunitaria0', 0, 0, 'usuario_crea0', 0, 0, 0, 0, 0, 0, 0, 0, 'genero0', 'ESTADOENUM_1', 'usuario_modifica0', '2014-01-01 00:00:00', 0, 0 );
insert into mgs_beneficiario( fecha_modifica, area_id, id_p_estructura_familiar, estrato_socioeconomico, estado_civil, id_p_desc_indep, id_p_nivel_educativo, otra_area_educacion, id_p_tipo_vivienda, cant_personas_hogar, organizacion_comunitaria, nivel_ingresos, cant_personas_cargo, usuario_crea, id_p_tipo_tenencia, id_p_zona, id_p_material_vivienda, id_p_bd_nacional, id_p_afiliado_salud, id_persona, grupo_etnico, id_p_ocupacion, genero, estado, usuario_modifica, fecha_crea, id_beneficiario, id_p_lugar_expedicion ) values ( '2014-01-01 00:00:00', 1, 1, 'ESTRATOSOCIOECONOMICOENUM_1', 1, 1, 1, 'otra_area_educacion1', 1, 1, 'organizacion_comunitaria1', 1, 1, 'usuario_crea1', 1, 1, 1, 1, 1, 1, 1, 1, 'genero1', 'ESTADOENUM_1', 'usuario_modifica1', '2014-01-01 00:00:00', 1, 1 );
insert into mgs_beneficiario( fecha_modifica, area_id, id_p_estructura_familiar, estrato_socioeconomico, estado_civil, id_p_desc_indep, id_p_nivel_educativo, otra_area_educacion, id_p_tipo_vivienda, cant_personas_hogar, organizacion_comunitaria, nivel_ingresos, cant_personas_cargo, usuario_crea, id_p_tipo_tenencia, id_p_zona, id_p_material_vivienda, id_p_bd_nacional, id_p_afiliado_salud, id_persona, grupo_etnico, id_p_ocupacion, genero, estado, usuario_modifica, fecha_crea, id_beneficiario, id_p_lugar_expedicion ) values ( '2014-01-01 00:00:00', 2, 2, 'ESTRATOSOCIOECONOMICOENUM_1', 2, 2, 2, 'otra_area_educacion2', 2, 2, 'organizacion_comunitaria2', 2, 2, 'usuario_crea2', 2, 2, 2, 2, 2, 2, 2, 2, 'genero2', 'ESTADOENUM_1', 'usuario_modifica2', '2014-01-01 00:00:00', 2, 2 );
insert into mgs_beneficiario( fecha_modifica, area_id, id_p_estructura_familiar, estrato_socioeconomico, estado_civil, id_p_desc_indep, id_p_nivel_educativo, otra_area_educacion, id_p_tipo_vivienda, cant_personas_hogar, organizacion_comunitaria, nivel_ingresos, cant_personas_cargo, usuario_crea, id_p_tipo_tenencia, id_p_zona, id_p_material_vivienda, id_p_bd_nacional, id_p_afiliado_salud, id_persona, grupo_etnico, id_p_ocupacion, genero, estado, usuario_modifica, fecha_crea, id_beneficiario, id_p_lugar_expedicion ) values ( '2014-01-01 00:00:00', 3, 3, 'ESTRATOSOCIOECONOMICOENUM_1', 3, 3, 3, 'otra_area_educacion3', 3, 3, 'organizacion_comunitaria3', 3, 3, 'usuario_crea3', 3, 3, 3, 3, 3, 3, 3, 3, 'genero3', 'ESTADOENUM_1', 'usuario_modifica3', '2014-01-01 00:00:00', 3, 3 );
insert into mgs_beneficiario( fecha_modifica, area_id, id_p_estructura_familiar, estrato_socioeconomico, estado_civil, id_p_desc_indep, id_p_nivel_educativo, otra_area_educacion, id_p_tipo_vivienda, cant_personas_hogar, organizacion_comunitaria, nivel_ingresos, cant_personas_cargo, usuario_crea, id_p_tipo_tenencia, id_p_zona, id_p_material_vivienda, id_p_bd_nacional, id_p_afiliado_salud, id_persona, grupo_etnico, id_p_ocupacion, genero, estado, usuario_modifica, fecha_crea, id_beneficiario, id_p_lugar_expedicion ) values ( '2014-01-01 00:00:00', 4, 4, 'ESTRATOSOCIOECONOMICOENUM_1', 4, 4, 4, 'otra_area_educacion4', 4, 4, 'organizacion_comunitaria4', 4, 4, 'usuario_crea4', 4, 4, 4, 4, 4, 4, 4, 4, 'genero4', 'ESTADOENUM_1', 'usuario_modifica4', '2014-01-01 00:00:00', 4, 4 );
insert into mgs_beneficiario( fecha_modifica, area_id, id_p_estructura_familiar, estrato_socioeconomico, estado_civil, id_p_desc_indep, id_p_nivel_educativo, otra_area_educacion, id_p_tipo_vivienda, cant_personas_hogar, organizacion_comunitaria, nivel_ingresos, cant_personas_cargo, usuario_crea, id_p_tipo_tenencia, id_p_zona, id_p_material_vivienda, id_p_bd_nacional, id_p_afiliado_salud, id_persona, grupo_etnico, id_p_ocupacion, genero, estado, usuario_modifica, fecha_crea, id_beneficiario, id_p_lugar_expedicion ) values ( '2014-01-01 00:00:00', 5, 5, 'ESTRATOSOCIOECONOMICOENUM_1', 5, 5, 5, 'otra_area_educacion5', 5, 5, 'organizacion_comunitaria5', 5, 5, 'usuario_crea5', 5, 5, 5, 5, 5, 5, 5, 5, 'genero5', 'ESTADOENUM_1', 'usuario_modifica5', '2014-01-01 00:00:00', 5, 5 );
insert into mgs_beneficiario( fecha_modifica, area_id, id_p_estructura_familiar, estrato_socioeconomico, estado_civil, id_p_desc_indep, id_p_nivel_educativo, otra_area_educacion, id_p_tipo_vivienda, cant_personas_hogar, organizacion_comunitaria, nivel_ingresos, cant_personas_cargo, usuario_crea, id_p_tipo_tenencia, id_p_zona, id_p_material_vivienda, id_p_bd_nacional, id_p_afiliado_salud, id_persona, grupo_etnico, id_p_ocupacion, genero, estado, usuario_modifica, fecha_crea, id_beneficiario, id_p_lugar_expedicion ) values ( '2014-01-01 00:00:00', 6, 6, 'ESTRATOSOCIOECONOMICOENUM_1', 6, 6, 6, 'otra_area_educacion6', 6, 6, 'organizacion_comunitaria6', 6, 6, 'usuario_crea6', 6, 6, 6, 6, 6, 6, 6, 6, 'genero6', 'ESTADOENUM_1', 'usuario_modifica6', '2014-01-01 00:00:00', 6, 6 );
insert into mgs_beneficiario( fecha_modifica, area_id, id_p_estructura_familiar, estrato_socioeconomico, estado_civil, id_p_desc_indep, id_p_nivel_educativo, otra_area_educacion, id_p_tipo_vivienda, cant_personas_hogar, organizacion_comunitaria, nivel_ingresos, cant_personas_cargo, usuario_crea, id_p_tipo_tenencia, id_p_zona, id_p_material_vivienda, id_p_bd_nacional, id_p_afiliado_salud, id_persona, grupo_etnico, id_p_ocupacion, genero, estado, usuario_modifica, fecha_crea, id_beneficiario, id_p_lugar_expedicion ) values ( '2014-01-01 00:00:00', 7, 7, 'ESTRATOSOCIOECONOMICOENUM_1', 7, 7, 7, 'otra_area_educacion7', 7, 7, 'organizacion_comunitaria7', 7, 7, 'usuario_crea7', 7, 7, 7, 7, 7, 7, 7, 7, 'genero7', 'ESTADOENUM_1', 'usuario_modifica7', '2014-01-01 00:00:00', 7, 7 );
insert into mgs_beneficiario( fecha_modifica, area_id, id_p_estructura_familiar, estrato_socioeconomico, estado_civil, id_p_desc_indep, id_p_nivel_educativo, otra_area_educacion, id_p_tipo_vivienda, cant_personas_hogar, organizacion_comunitaria, nivel_ingresos, cant_personas_cargo, usuario_crea, id_p_tipo_tenencia, id_p_zona, id_p_material_vivienda, id_p_bd_nacional, id_p_afiliado_salud, id_persona, grupo_etnico, id_p_ocupacion, genero, estado, usuario_modifica, fecha_crea, id_beneficiario, id_p_lugar_expedicion ) values ( '2014-01-01 00:00:00', 8, 8, 'ESTRATOSOCIOECONOMICOENUM_1', 8, 8, 8, 'otra_area_educacion8', 8, 8, 'organizacion_comunitaria8', 8, 8, 'usuario_crea8', 8, 8, 8, 8, 8, 8, 8, 8, 'genero8', 'ESTADOENUM_1', 'usuario_modifica8', '2014-01-01 00:00:00', 8, 8 );
insert into mgs_beneficiario( fecha_modifica, area_id, id_p_estructura_familiar, estrato_socioeconomico, estado_civil, id_p_desc_indep, id_p_nivel_educativo, otra_area_educacion, id_p_tipo_vivienda, cant_personas_hogar, organizacion_comunitaria, nivel_ingresos, cant_personas_cargo, usuario_crea, id_p_tipo_tenencia, id_p_zona, id_p_material_vivienda, id_p_bd_nacional, id_p_afiliado_salud, id_persona, grupo_etnico, id_p_ocupacion, genero, estado, usuario_modifica, fecha_crea, id_beneficiario, id_p_lugar_expedicion ) values ( '2014-01-01 00:00:00', 9, 9, 'ESTRATOSOCIOECONOMICOENUM_1', 9, 9, 9, 'otra_area_educacion9', 9, 9, 'organizacion_comunitaria9', 9, 9, 'usuario_crea9', 9, 9, 9, 9, 9, 9, 9, 9, 'genero9', 'ESTADOENUM_1', 'usuario_modifica9', '2014-01-01 00:00:00', 9, 9 );

-- Tabla mgs_dato_contacto
insert into mgs_dato_contacto( fecha_modifica, estado, valor, id_contacto, usuario_modifica, id_persona, usuario_crea, fecha_crea, id_p_tipo_contacto ) values ( '2014-01-01 00:00:00', 'ESTADOENUM_1', 'valor0', 0, 'usuario_modifica0', 0, 'usuario_crea0', '2014-01-01 00:00:00', 0 );
insert into mgs_dato_contacto( fecha_modifica, estado, valor, id_contacto, usuario_modifica, id_persona, usuario_crea, fecha_crea, id_p_tipo_contacto ) values ( '2014-01-01 00:00:00', 'ESTADOENUM_1', 'valor1', 1, 'usuario_modifica1', 1, 'usuario_crea1', '2014-01-01 00:00:00', 1 );
insert into mgs_dato_contacto( fecha_modifica, estado, valor, id_contacto, usuario_modifica, id_persona, usuario_crea, fecha_crea, id_p_tipo_contacto ) values ( '2014-01-01 00:00:00', 'ESTADOENUM_1', 'valor2', 2, 'usuario_modifica2', 2, 'usuario_crea2', '2014-01-01 00:00:00', 2 );
insert into mgs_dato_contacto( fecha_modifica, estado, valor, id_contacto, usuario_modifica, id_persona, usuario_crea, fecha_crea, id_p_tipo_contacto ) values ( '2014-01-01 00:00:00', 'ESTADOENUM_1', 'valor3', 3, 'usuario_modifica3', 3, 'usuario_crea3', '2014-01-01 00:00:00', 3 );
insert into mgs_dato_contacto( fecha_modifica, estado, valor, id_contacto, usuario_modifica, id_persona, usuario_crea, fecha_crea, id_p_tipo_contacto ) values ( '2014-01-01 00:00:00', 'ESTADOENUM_1', 'valor4', 4, 'usuario_modifica4', 4, 'usuario_crea4', '2014-01-01 00:00:00', 4 );
insert into mgs_dato_contacto( fecha_modifica, estado, valor, id_contacto, usuario_modifica, id_persona, usuario_crea, fecha_crea, id_p_tipo_contacto ) values ( '2014-01-01 00:00:00', 'ESTADOENUM_1', 'valor5', 5, 'usuario_modifica5', 5, 'usuario_crea5', '2014-01-01 00:00:00', 5 );
insert into mgs_dato_contacto( fecha_modifica, estado, valor, id_contacto, usuario_modifica, id_persona, usuario_crea, fecha_crea, id_p_tipo_contacto ) values ( '2014-01-01 00:00:00', 'ESTADOENUM_1', 'valor6', 6, 'usuario_modifica6', 6, 'usuario_crea6', '2014-01-01 00:00:00', 6 );
insert into mgs_dato_contacto( fecha_modifica, estado, valor, id_contacto, usuario_modifica, id_persona, usuario_crea, fecha_crea, id_p_tipo_contacto ) values ( '2014-01-01 00:00:00', 'ESTADOENUM_1', 'valor7', 7, 'usuario_modifica7', 7, 'usuario_crea7', '2014-01-01 00:00:00', 7 );
insert into mgs_dato_contacto( fecha_modifica, estado, valor, id_contacto, usuario_modifica, id_persona, usuario_crea, fecha_crea, id_p_tipo_contacto ) values ( '2014-01-01 00:00:00', 'ESTADOENUM_1', 'valor8', 8, 'usuario_modifica8', 8, 'usuario_crea8', '2014-01-01 00:00:00', 8 );
insert into mgs_dato_contacto( fecha_modifica, estado, valor, id_contacto, usuario_modifica, id_persona, usuario_crea, fecha_crea, id_p_tipo_contacto ) values ( '2014-01-01 00:00:00', 'ESTADOENUM_1', 'valor9', 9, 'usuario_modifica9', 9, 'usuario_crea9', '2014-01-01 00:00:00', 9 );

-- Tabla mgs_pariente
insert into mgs_pariente( fecha_modifica, estado, usuario_modifica, id_p_parentesco, id_persona, usuario_crea, fecha_crea, id_beneficiario ) values ( '2014-01-01 00:00:00', 'ESTADOENUM_1', 'usuario_modifica0', 0, 0, 'usuario_crea0', '2014-01-01 00:00:00', 0 );
insert into mgs_pariente( fecha_modifica, estado, usuario_modifica, id_p_parentesco, id_persona, usuario_crea, fecha_crea, id_beneficiario ) values ( '2014-01-01 00:00:00', 'ESTADOENUM_1', 'usuario_modifica1', 1, 1, 'usuario_crea1', '2014-01-01 00:00:00', 1 );
insert into mgs_pariente( fecha_modifica, estado, usuario_modifica, id_p_parentesco, id_persona, usuario_crea, fecha_crea, id_beneficiario ) values ( '2014-01-01 00:00:00', 'ESTADOENUM_1', 'usuario_modifica2', 2, 2, 'usuario_crea2', '2014-01-01 00:00:00', 2 );
insert into mgs_pariente( fecha_modifica, estado, usuario_modifica, id_p_parentesco, id_persona, usuario_crea, fecha_crea, id_beneficiario ) values ( '2014-01-01 00:00:00', 'ESTADOENUM_1', 'usuario_modifica3', 3, 3, 'usuario_crea3', '2014-01-01 00:00:00', 3 );
insert into mgs_pariente( fecha_modifica, estado, usuario_modifica, id_p_parentesco, id_persona, usuario_crea, fecha_crea, id_beneficiario ) values ( '2014-01-01 00:00:00', 'ESTADOENUM_1', 'usuario_modifica4', 4, 4, 'usuario_crea4', '2014-01-01 00:00:00', 4 );
insert into mgs_pariente( fecha_modifica, estado, usuario_modifica, id_p_parentesco, id_persona, usuario_crea, fecha_crea, id_beneficiario ) values ( '2014-01-01 00:00:00', 'ESTADOENUM_1', 'usuario_modifica5', 5, 5, 'usuario_crea5', '2014-01-01 00:00:00', 5 );
insert into mgs_pariente( fecha_modifica, estado, usuario_modifica, id_p_parentesco, id_persona, usuario_crea, fecha_crea, id_beneficiario ) values ( '2014-01-01 00:00:00', 'ESTADOENUM_1', 'usuario_modifica6', 6, 6, 'usuario_crea6', '2014-01-01 00:00:00', 6 );
insert into mgs_pariente( fecha_modifica, estado, usuario_modifica, id_p_parentesco, id_persona, usuario_crea, fecha_crea, id_beneficiario ) values ( '2014-01-01 00:00:00', 'ESTADOENUM_1', 'usuario_modifica7', 7, 7, 'usuario_crea7', '2014-01-01 00:00:00', 7 );
insert into mgs_pariente( fecha_modifica, estado, usuario_modifica, id_p_parentesco, id_persona, usuario_crea, fecha_crea, id_beneficiario ) values ( '2014-01-01 00:00:00', 'ESTADOENUM_1', 'usuario_modifica8', 8, 8, 'usuario_crea8', '2014-01-01 00:00:00', 8 );
insert into mgs_pariente( fecha_modifica, estado, usuario_modifica, id_p_parentesco, id_persona, usuario_crea, fecha_crea, id_beneficiario ) values ( '2014-01-01 00:00:00', 'ESTADOENUM_1', 'usuario_modifica9', 9, 9, 'usuario_crea9', '2014-01-01 00:00:00', 9 );

-- Tabla mgs_beneficiario_servicio
insert into mgs_beneficiario_servicio( id_servicio_publico, id_beneficiario ) values ( 0, 0 );
insert into mgs_beneficiario_servicio( id_servicio_publico, id_beneficiario ) values ( 1, 1 );
insert into mgs_beneficiario_servicio( id_servicio_publico, id_beneficiario ) values ( 2, 2 );
insert into mgs_beneficiario_servicio( id_servicio_publico, id_beneficiario ) values ( 3, 3 );
insert into mgs_beneficiario_servicio( id_servicio_publico, id_beneficiario ) values ( 4, 4 );
insert into mgs_beneficiario_servicio( id_servicio_publico, id_beneficiario ) values ( 5, 5 );
insert into mgs_beneficiario_servicio( id_servicio_publico, id_beneficiario ) values ( 6, 6 );
insert into mgs_beneficiario_servicio( id_servicio_publico, id_beneficiario ) values ( 7, 7 );
insert into mgs_beneficiario_servicio( id_servicio_publico, id_beneficiario ) values ( 8, 8 );
insert into mgs_beneficiario_servicio( id_servicio_publico, id_beneficiario ) values ( 9, 9 );

-- Tabla mgs_objetivo
insert into mgs_objetivo( fecha_modifica, estado, id_objetivo, usuario_modifica, descripcion, usuario_crea, id_usuario_resp, fecha_crea ) values ( '2014-01-01 00:00:00', 'ESTADOENUM_1', 0, 'usuario_modifica0', 'descripcion0', 'usuario_crea0', 0, '2014-01-01 00:00:00' );
insert into mgs_objetivo( fecha_modifica, estado, id_objetivo, usuario_modifica, descripcion, usuario_crea, id_usuario_resp, fecha_crea ) values ( '2014-01-01 00:00:00', 'ESTADOENUM_1', 1, 'usuario_modifica1', 'descripcion1', 'usuario_crea1', 1, '2014-01-01 00:00:00' );
insert into mgs_objetivo( fecha_modifica, estado, id_objetivo, usuario_modifica, descripcion, usuario_crea, id_usuario_resp, fecha_crea ) values ( '2014-01-01 00:00:00', 'ESTADOENUM_1', 2, 'usuario_modifica2', 'descripcion2', 'usuario_crea2', 2, '2014-01-01 00:00:00' );
insert into mgs_objetivo( fecha_modifica, estado, id_objetivo, usuario_modifica, descripcion, usuario_crea, id_usuario_resp, fecha_crea ) values ( '2014-01-01 00:00:00', 'ESTADOENUM_1', 3, 'usuario_modifica3', 'descripcion3', 'usuario_crea3', 3, '2014-01-01 00:00:00' );
insert into mgs_objetivo( fecha_modifica, estado, id_objetivo, usuario_modifica, descripcion, usuario_crea, id_usuario_resp, fecha_crea ) values ( '2014-01-01 00:00:00', 'ESTADOENUM_1', 4, 'usuario_modifica4', 'descripcion4', 'usuario_crea4', 4, '2014-01-01 00:00:00' );
insert into mgs_objetivo( fecha_modifica, estado, id_objetivo, usuario_modifica, descripcion, usuario_crea, id_usuario_resp, fecha_crea ) values ( '2014-01-01 00:00:00', 'ESTADOENUM_1', 5, 'usuario_modifica5', 'descripcion5', 'usuario_crea5', 5, '2014-01-01 00:00:00' );
insert into mgs_objetivo( fecha_modifica, estado, id_objetivo, usuario_modifica, descripcion, usuario_crea, id_usuario_resp, fecha_crea ) values ( '2014-01-01 00:00:00', 'ESTADOENUM_1', 6, 'usuario_modifica6', 'descripcion6', 'usuario_crea6', 6, '2014-01-01 00:00:00' );
insert into mgs_objetivo( fecha_modifica, estado, id_objetivo, usuario_modifica, descripcion, usuario_crea, id_usuario_resp, fecha_crea ) values ( '2014-01-01 00:00:00', 'ESTADOENUM_1', 7, 'usuario_modifica7', 'descripcion7', 'usuario_crea7', 7, '2014-01-01 00:00:00' );
insert into mgs_objetivo( fecha_modifica, estado, id_objetivo, usuario_modifica, descripcion, usuario_crea, id_usuario_resp, fecha_crea ) values ( '2014-01-01 00:00:00', 'ESTADOENUM_1', 8, 'usuario_modifica8', 'descripcion8', 'usuario_crea8', 8, '2014-01-01 00:00:00' );
insert into mgs_objetivo( fecha_modifica, estado, id_objetivo, usuario_modifica, descripcion, usuario_crea, id_usuario_resp, fecha_crea ) values ( '2014-01-01 00:00:00', 'ESTADOENUM_1', 9, 'usuario_modifica9', 'descripcion9', 'usuario_crea9', 9, '2014-01-01 00:00:00' );

-- Tabla mgs_rol_usuario
insert into mgs_rol_usuario( id_usuario, id_rol ) values ( 0, 0 );
insert into mgs_rol_usuario( id_usuario, id_rol ) values ( 1, 1 );
insert into mgs_rol_usuario( id_usuario, id_rol ) values ( 2, 2 );
insert into mgs_rol_usuario( id_usuario, id_rol ) values ( 3, 3 );
insert into mgs_rol_usuario( id_usuario, id_rol ) values ( 4, 4 );
insert into mgs_rol_usuario( id_usuario, id_rol ) values ( 5, 5 );
insert into mgs_rol_usuario( id_usuario, id_rol ) values ( 6, 6 );
insert into mgs_rol_usuario( id_usuario, id_rol ) values ( 7, 7 );
insert into mgs_rol_usuario( id_usuario, id_rol ) values ( 8, 8 );
insert into mgs_rol_usuario( id_usuario, id_rol ) values ( 9, 9 );

-- Tabla mgs_entidad_linea
insert into mgs_entidad_linea( id_p_linea_intervencion, id_entidad ) values ( 0, 0 );
insert into mgs_entidad_linea( id_p_linea_intervencion, id_entidad ) values ( 1, 1 );
insert into mgs_entidad_linea( id_p_linea_intervencion, id_entidad ) values ( 2, 2 );
insert into mgs_entidad_linea( id_p_linea_intervencion, id_entidad ) values ( 3, 3 );
insert into mgs_entidad_linea( id_p_linea_intervencion, id_entidad ) values ( 4, 4 );
insert into mgs_entidad_linea( id_p_linea_intervencion, id_entidad ) values ( 5, 5 );
insert into mgs_entidad_linea( id_p_linea_intervencion, id_entidad ) values ( 6, 6 );
insert into mgs_entidad_linea( id_p_linea_intervencion, id_entidad ) values ( 7, 7 );
insert into mgs_entidad_linea( id_p_linea_intervencion, id_entidad ) values ( 8, 8 );
insert into mgs_entidad_linea( id_p_linea_intervencion, id_entidad ) values ( 9, 9 );

-- Tabla mgs_iniciativa
insert into mgs_iniciativa( nombre, fecha_modifica, estado, usuario_modifica, descripcion, usuario_crea, id_usuario_resp, id_iniciativa, fecha_crea ) values ( 'nombre0', '2014-01-01 00:00:00', 'ESTADOENUM_1', 'usuario_modifica0', 'descripcion0', 'usuario_crea0', 0, 0, '2014-01-01 00:00:00' );
insert into mgs_iniciativa( nombre, fecha_modifica, estado, usuario_modifica, descripcion, usuario_crea, id_usuario_resp, id_iniciativa, fecha_crea ) values ( 'nombre1', '2014-01-01 00:00:00', 'ESTADOENUM_1', 'usuario_modifica1', 'descripcion1', 'usuario_crea1', 1, 1, '2014-01-01 00:00:00' );
insert into mgs_iniciativa( nombre, fecha_modifica, estado, usuario_modifica, descripcion, usuario_crea, id_usuario_resp, id_iniciativa, fecha_crea ) values ( 'nombre2', '2014-01-01 00:00:00', 'ESTADOENUM_1', 'usuario_modifica2', 'descripcion2', 'usuario_crea2', 2, 2, '2014-01-01 00:00:00' );
insert into mgs_iniciativa( nombre, fecha_modifica, estado, usuario_modifica, descripcion, usuario_crea, id_usuario_resp, id_iniciativa, fecha_crea ) values ( 'nombre3', '2014-01-01 00:00:00', 'ESTADOENUM_1', 'usuario_modifica3', 'descripcion3', 'usuario_crea3', 3, 3, '2014-01-01 00:00:00' );
insert into mgs_iniciativa( nombre, fecha_modifica, estado, usuario_modifica, descripcion, usuario_crea, id_usuario_resp, id_iniciativa, fecha_crea ) values ( 'nombre4', '2014-01-01 00:00:00', 'ESTADOENUM_1', 'usuario_modifica4', 'descripcion4', 'usuario_crea4', 4, 4, '2014-01-01 00:00:00' );
insert into mgs_iniciativa( nombre, fecha_modifica, estado, usuario_modifica, descripcion, usuario_crea, id_usuario_resp, id_iniciativa, fecha_crea ) values ( 'nombre5', '2014-01-01 00:00:00', 'ESTADOENUM_1', 'usuario_modifica5', 'descripcion5', 'usuario_crea5', 5, 5, '2014-01-01 00:00:00' );
insert into mgs_iniciativa( nombre, fecha_modifica, estado, usuario_modifica, descripcion, usuario_crea, id_usuario_resp, id_iniciativa, fecha_crea ) values ( 'nombre6', '2014-01-01 00:00:00', 'ESTADOENUM_1', 'usuario_modifica6', 'descripcion6', 'usuario_crea6', 6, 6, '2014-01-01 00:00:00' );
insert into mgs_iniciativa( nombre, fecha_modifica, estado, usuario_modifica, descripcion, usuario_crea, id_usuario_resp, id_iniciativa, fecha_crea ) values ( 'nombre7', '2014-01-01 00:00:00', 'ESTADOENUM_1', 'usuario_modifica7', 'descripcion7', 'usuario_crea7', 7, 7, '2014-01-01 00:00:00' );
insert into mgs_iniciativa( nombre, fecha_modifica, estado, usuario_modifica, descripcion, usuario_crea, id_usuario_resp, id_iniciativa, fecha_crea ) values ( 'nombre8', '2014-01-01 00:00:00', 'ESTADOENUM_1', 'usuario_modifica8', 'descripcion8', 'usuario_crea8', 8, 8, '2014-01-01 00:00:00' );
insert into mgs_iniciativa( nombre, fecha_modifica, estado, usuario_modifica, descripcion, usuario_crea, id_usuario_resp, id_iniciativa, fecha_crea ) values ( 'nombre9', '2014-01-01 00:00:00', 'ESTADOENUM_1', 'usuario_modifica9', 'descripcion9', 'usuario_crea9', 9, 9, '2014-01-01 00:00:00' );

-- Tabla mgs_territorio
insert into mgs_territorio( fecha_modifica, jovenes_hombres, jovenes_mujeres, menores_mujeres, id_p_estado_via, id_territorio, nombre, adultos_mayores_hombres, id_p_tipo, estado, id_p_problema_comunidad, usuario_modifica, adultos_mayores_mujeres, usuario_crea, menores_hombres, id_p_zona, fecha_crea ) values ( '2014-01-01 00:00:00', 0, 0, 0, 0, 0, 'nombre0', 0, 0, 'ESTADOENUM_1', 0, 'usuario_modifica0', 0, 'usuario_crea0', 0, 0, '2014-01-01 00:00:00' );
insert into mgs_territorio( fecha_modifica, jovenes_hombres, jovenes_mujeres, menores_mujeres, id_p_estado_via, id_territorio, nombre, adultos_mayores_hombres, id_p_tipo, estado, id_p_problema_comunidad, usuario_modifica, adultos_mayores_mujeres, usuario_crea, menores_hombres, id_p_zona, fecha_crea ) values ( '2014-01-01 00:00:00', 1, 1, 1, 1, 1, 'nombre1', 1, 1, 'ESTADOENUM_1', 1, 'usuario_modifica1', 1, 'usuario_crea1', 1, 1, '2014-01-01 00:00:00' );
insert into mgs_territorio( fecha_modifica, jovenes_hombres, jovenes_mujeres, menores_mujeres, id_p_estado_via, id_territorio, nombre, adultos_mayores_hombres, id_p_tipo, estado, id_p_problema_comunidad, usuario_modifica, adultos_mayores_mujeres, usuario_crea, menores_hombres, id_p_zona, fecha_crea ) values ( '2014-01-01 00:00:00', 2, 2, 2, 2, 2, 'nombre2', 2, 2, 'ESTADOENUM_1', 2, 'usuario_modifica2', 2, 'usuario_crea2', 2, 2, '2014-01-01 00:00:00' );
insert into mgs_territorio( fecha_modifica, jovenes_hombres, jovenes_mujeres, menores_mujeres, id_p_estado_via, id_territorio, nombre, adultos_mayores_hombres, id_p_tipo, estado, id_p_problema_comunidad, usuario_modifica, adultos_mayores_mujeres, usuario_crea, menores_hombres, id_p_zona, fecha_crea ) values ( '2014-01-01 00:00:00', 3, 3, 3, 3, 3, 'nombre3', 3, 3, 'ESTADOENUM_1', 3, 'usuario_modifica3', 3, 'usuario_crea3', 3, 3, '2014-01-01 00:00:00' );
insert into mgs_territorio( fecha_modifica, jovenes_hombres, jovenes_mujeres, menores_mujeres, id_p_estado_via, id_territorio, nombre, adultos_mayores_hombres, id_p_tipo, estado, id_p_problema_comunidad, usuario_modifica, adultos_mayores_mujeres, usuario_crea, menores_hombres, id_p_zona, fecha_crea ) values ( '2014-01-01 00:00:00', 4, 4, 4, 4, 4, 'nombre4', 4, 4, 'ESTADOENUM_1', 4, 'usuario_modifica4', 4, 'usuario_crea4', 4, 4, '2014-01-01 00:00:00' );
insert into mgs_territorio( fecha_modifica, jovenes_hombres, jovenes_mujeres, menores_mujeres, id_p_estado_via, id_territorio, nombre, adultos_mayores_hombres, id_p_tipo, estado, id_p_problema_comunidad, usuario_modifica, adultos_mayores_mujeres, usuario_crea, menores_hombres, id_p_zona, fecha_crea ) values ( '2014-01-01 00:00:00', 5, 5, 5, 5, 5, 'nombre5', 5, 5, 'ESTADOENUM_1', 5, 'usuario_modifica5', 5, 'usuario_crea5', 5, 5, '2014-01-01 00:00:00' );
insert into mgs_territorio( fecha_modifica, jovenes_hombres, jovenes_mujeres, menores_mujeres, id_p_estado_via, id_territorio, nombre, adultos_mayores_hombres, id_p_tipo, estado, id_p_problema_comunidad, usuario_modifica, adultos_mayores_mujeres, usuario_crea, menores_hombres, id_p_zona, fecha_crea ) values ( '2014-01-01 00:00:00', 6, 6, 6, 6, 6, 'nombre6', 6, 6, 'ESTADOENUM_1', 6, 'usuario_modifica6', 6, 'usuario_crea6', 6, 6, '2014-01-01 00:00:00' );
insert into mgs_territorio( fecha_modifica, jovenes_hombres, jovenes_mujeres, menores_mujeres, id_p_estado_via, id_territorio, nombre, adultos_mayores_hombres, id_p_tipo, estado, id_p_problema_comunidad, usuario_modifica, adultos_mayores_mujeres, usuario_crea, menores_hombres, id_p_zona, fecha_crea ) values ( '2014-01-01 00:00:00', 7, 7, 7, 7, 7, 'nombre7', 7, 7, 'ESTADOENUM_1', 7, 'usuario_modifica7', 7, 'usuario_crea7', 7, 7, '2014-01-01 00:00:00' );
insert into mgs_territorio( fecha_modifica, jovenes_hombres, jovenes_mujeres, menores_mujeres, id_p_estado_via, id_territorio, nombre, adultos_mayores_hombres, id_p_tipo, estado, id_p_problema_comunidad, usuario_modifica, adultos_mayores_mujeres, usuario_crea, menores_hombres, id_p_zona, fecha_crea ) values ( '2014-01-01 00:00:00', 8, 8, 8, 8, 8, 'nombre8', 8, 8, 'ESTADOENUM_1', 8, 'usuario_modifica8', 8, 'usuario_crea8', 8, 8, '2014-01-01 00:00:00' );
insert into mgs_territorio( fecha_modifica, jovenes_hombres, jovenes_mujeres, menores_mujeres, id_p_estado_via, id_territorio, nombre, adultos_mayores_hombres, id_p_tipo, estado, id_p_problema_comunidad, usuario_modifica, adultos_mayores_mujeres, usuario_crea, menores_hombres, id_p_zona, fecha_crea ) values ( '2014-01-01 00:00:00', 9, 9, 9, 9, 9, 'nombre9', 9, 9, 'ESTADOENUM_1', 9, 'usuario_modifica9', 9, 'usuario_crea9', 9, 9, '2014-01-01 00:00:00' );

-- Tabla mgs_actividad
insert into mgs_actividad( id_componente, fecha_modifica, resultado_obtenido, id_p_estado, observacion_seg, resultado_esperado, fecha_seguimiento, nombre, recursos, estado, usuario_modifica, cant_asistentes, usuario_crea, id_usuario_resp, fecha_ejecucion, fecha_crea, id_actividad, lecciones_aprendidas ) values ( 0, '2014-01-01 00:00:00', 'resultado_obtenido0', 0, 'observacion_seg0', 'resultado_esperado0', '2014-01-01 00:00:00', 'nombre0', 'recursos0', 'ESTADOENUM_1', 'usuario_modifica0', 0, 'usuario_crea0', 0, '2014-01-01 00:00:00', '2014-01-01 00:00:00', 0, 'lecciones_aprendidas0' );
insert into mgs_actividad( id_componente, fecha_modifica, resultado_obtenido, id_p_estado, observacion_seg, resultado_esperado, fecha_seguimiento, nombre, recursos, estado, usuario_modifica, cant_asistentes, usuario_crea, id_usuario_resp, fecha_ejecucion, fecha_crea, id_actividad, lecciones_aprendidas ) values ( 1, '2014-01-01 00:00:00', 'resultado_obtenido1', 1, 'observacion_seg1', 'resultado_esperado1', '2014-01-01 00:00:00', 'nombre1', 'recursos1', 'ESTADOENUM_1', 'usuario_modifica1', 1, 'usuario_crea1', 1, '2014-01-01 00:00:00', '2014-01-01 00:00:00', 1, 'lecciones_aprendidas1' );
insert into mgs_actividad( id_componente, fecha_modifica, resultado_obtenido, id_p_estado, observacion_seg, resultado_esperado, fecha_seguimiento, nombre, recursos, estado, usuario_modifica, cant_asistentes, usuario_crea, id_usuario_resp, fecha_ejecucion, fecha_crea, id_actividad, lecciones_aprendidas ) values ( 2, '2014-01-01 00:00:00', 'resultado_obtenido2', 2, 'observacion_seg2', 'resultado_esperado2', '2014-01-01 00:00:00', 'nombre2', 'recursos2', 'ESTADOENUM_1', 'usuario_modifica2', 2, 'usuario_crea2', 2, '2014-01-01 00:00:00', '2014-01-01 00:00:00', 2, 'lecciones_aprendidas2' );
insert into mgs_actividad( id_componente, fecha_modifica, resultado_obtenido, id_p_estado, observacion_seg, resultado_esperado, fecha_seguimiento, nombre, recursos, estado, usuario_modifica, cant_asistentes, usuario_crea, id_usuario_resp, fecha_ejecucion, fecha_crea, id_actividad, lecciones_aprendidas ) values ( 3, '2014-01-01 00:00:00', 'resultado_obtenido3', 3, 'observacion_seg3', 'resultado_esperado3', '2014-01-01 00:00:00', 'nombre3', 'recursos3', 'ESTADOENUM_1', 'usuario_modifica3', 3, 'usuario_crea3', 3, '2014-01-01 00:00:00', '2014-01-01 00:00:00', 3, 'lecciones_aprendidas3' );
insert into mgs_actividad( id_componente, fecha_modifica, resultado_obtenido, id_p_estado, observacion_seg, resultado_esperado, fecha_seguimiento, nombre, recursos, estado, usuario_modifica, cant_asistentes, usuario_crea, id_usuario_resp, fecha_ejecucion, fecha_crea, id_actividad, lecciones_aprendidas ) values ( 4, '2014-01-01 00:00:00', 'resultado_obtenido4', 4, 'observacion_seg4', 'resultado_esperado4', '2014-01-01 00:00:00', 'nombre4', 'recursos4', 'ESTADOENUM_1', 'usuario_modifica4', 4, 'usuario_crea4', 4, '2014-01-01 00:00:00', '2014-01-01 00:00:00', 4, 'lecciones_aprendidas4' );
insert into mgs_actividad( id_componente, fecha_modifica, resultado_obtenido, id_p_estado, observacion_seg, resultado_esperado, fecha_seguimiento, nombre, recursos, estado, usuario_modifica, cant_asistentes, usuario_crea, id_usuario_resp, fecha_ejecucion, fecha_crea, id_actividad, lecciones_aprendidas ) values ( 5, '2014-01-01 00:00:00', 'resultado_obtenido5', 5, 'observacion_seg5', 'resultado_esperado5', '2014-01-01 00:00:00', 'nombre5', 'recursos5', 'ESTADOENUM_1', 'usuario_modifica5', 5, 'usuario_crea5', 5, '2014-01-01 00:00:00', '2014-01-01 00:00:00', 5, 'lecciones_aprendidas5' );
insert into mgs_actividad( id_componente, fecha_modifica, resultado_obtenido, id_p_estado, observacion_seg, resultado_esperado, fecha_seguimiento, nombre, recursos, estado, usuario_modifica, cant_asistentes, usuario_crea, id_usuario_resp, fecha_ejecucion, fecha_crea, id_actividad, lecciones_aprendidas ) values ( 6, '2014-01-01 00:00:00', 'resultado_obtenido6', 6, 'observacion_seg6', 'resultado_esperado6', '2014-01-01 00:00:00', 'nombre6', 'recursos6', 'ESTADOENUM_1', 'usuario_modifica6', 6, 'usuario_crea6', 6, '2014-01-01 00:00:00', '2014-01-01 00:00:00', 6, 'lecciones_aprendidas6' );
insert into mgs_actividad( id_componente, fecha_modifica, resultado_obtenido, id_p_estado, observacion_seg, resultado_esperado, fecha_seguimiento, nombre, recursos, estado, usuario_modifica, cant_asistentes, usuario_crea, id_usuario_resp, fecha_ejecucion, fecha_crea, id_actividad, lecciones_aprendidas ) values ( 7, '2014-01-01 00:00:00', 'resultado_obtenido7', 7, 'observacion_seg7', 'resultado_esperado7', '2014-01-01 00:00:00', 'nombre7', 'recursos7', 'ESTADOENUM_1', 'usuario_modifica7', 7, 'usuario_crea7', 7, '2014-01-01 00:00:00', '2014-01-01 00:00:00', 7, 'lecciones_aprendidas7' );
insert into mgs_actividad( id_componente, fecha_modifica, resultado_obtenido, id_p_estado, observacion_seg, resultado_esperado, fecha_seguimiento, nombre, recursos, estado, usuario_modifica, cant_asistentes, usuario_crea, id_usuario_resp, fecha_ejecucion, fecha_crea, id_actividad, lecciones_aprendidas ) values ( 8, '2014-01-01 00:00:00', 'resultado_obtenido8', 8, 'observacion_seg8', 'resultado_esperado8', '2014-01-01 00:00:00', 'nombre8', 'recursos8', 'ESTADOENUM_1', 'usuario_modifica8', 8, 'usuario_crea8', 8, '2014-01-01 00:00:00', '2014-01-01 00:00:00', 8, 'lecciones_aprendidas8' );
insert into mgs_actividad( id_componente, fecha_modifica, resultado_obtenido, id_p_estado, observacion_seg, resultado_esperado, fecha_seguimiento, nombre, recursos, estado, usuario_modifica, cant_asistentes, usuario_crea, id_usuario_resp, fecha_ejecucion, fecha_crea, id_actividad, lecciones_aprendidas ) values ( 9, '2014-01-01 00:00:00', 'resultado_obtenido9', 9, 'observacion_seg9', 'resultado_esperado9', '2014-01-01 00:00:00', 'nombre9', 'recursos9', 'ESTADOENUM_1', 'usuario_modifica9', 9, 'usuario_crea9', 9, '2014-01-01 00:00:00', '2014-01-01 00:00:00', 9, 'lecciones_aprendidas9' );

-- Tabla mgs_entidad_territorio
insert into mgs_entidad_territorio( id_entidad, id_territorio ) values ( 0, 0 );
insert into mgs_entidad_territorio( id_entidad, id_territorio ) values ( 1, 1 );
insert into mgs_entidad_territorio( id_entidad, id_territorio ) values ( 2, 2 );
insert into mgs_entidad_territorio( id_entidad, id_territorio ) values ( 3, 3 );
insert into mgs_entidad_territorio( id_entidad, id_territorio ) values ( 4, 4 );
insert into mgs_entidad_territorio( id_entidad, id_territorio ) values ( 5, 5 );
insert into mgs_entidad_territorio( id_entidad, id_territorio ) values ( 6, 6 );
insert into mgs_entidad_territorio( id_entidad, id_territorio ) values ( 7, 7 );
insert into mgs_entidad_territorio( id_entidad, id_territorio ) values ( 8, 8 );
insert into mgs_entidad_territorio( id_entidad, id_territorio ) values ( 9, 9 );

-- Tabla mgs_linea
insert into mgs_linea( nombre, fecha_modifica, estado, id_objetivo, usuario_modifica, id_linea, usuario_crea, fecha_crea ) values ( 'nombre0', '2014-01-01 00:00:00', 'ESTADOENUM_1', 0, 'usuario_modifica0', 0, 'usuario_crea0', '2014-01-01 00:00:00' );
insert into mgs_linea( nombre, fecha_modifica, estado, id_objetivo, usuario_modifica, id_linea, usuario_crea, fecha_crea ) values ( 'nombre1', '2014-01-01 00:00:00', 'ESTADOENUM_1', 1, 'usuario_modifica1', 1, 'usuario_crea1', '2014-01-01 00:00:00' );
insert into mgs_linea( nombre, fecha_modifica, estado, id_objetivo, usuario_modifica, id_linea, usuario_crea, fecha_crea ) values ( 'nombre2', '2014-01-01 00:00:00', 'ESTADOENUM_1', 2, 'usuario_modifica2', 2, 'usuario_crea2', '2014-01-01 00:00:00' );
insert into mgs_linea( nombre, fecha_modifica, estado, id_objetivo, usuario_modifica, id_linea, usuario_crea, fecha_crea ) values ( 'nombre3', '2014-01-01 00:00:00', 'ESTADOENUM_1', 3, 'usuario_modifica3', 3, 'usuario_crea3', '2014-01-01 00:00:00' );
insert into mgs_linea( nombre, fecha_modifica, estado, id_objetivo, usuario_modifica, id_linea, usuario_crea, fecha_crea ) values ( 'nombre4', '2014-01-01 00:00:00', 'ESTADOENUM_1', 4, 'usuario_modifica4', 4, 'usuario_crea4', '2014-01-01 00:00:00' );
insert into mgs_linea( nombre, fecha_modifica, estado, id_objetivo, usuario_modifica, id_linea, usuario_crea, fecha_crea ) values ( 'nombre5', '2014-01-01 00:00:00', 'ESTADOENUM_1', 5, 'usuario_modifica5', 5, 'usuario_crea5', '2014-01-01 00:00:00' );
insert into mgs_linea( nombre, fecha_modifica, estado, id_objetivo, usuario_modifica, id_linea, usuario_crea, fecha_crea ) values ( 'nombre6', '2014-01-01 00:00:00', 'ESTADOENUM_1', 6, 'usuario_modifica6', 6, 'usuario_crea6', '2014-01-01 00:00:00' );
insert into mgs_linea( nombre, fecha_modifica, estado, id_objetivo, usuario_modifica, id_linea, usuario_crea, fecha_crea ) values ( 'nombre7', '2014-01-01 00:00:00', 'ESTADOENUM_1', 7, 'usuario_modifica7', 7, 'usuario_crea7', '2014-01-01 00:00:00' );
insert into mgs_linea( nombre, fecha_modifica, estado, id_objetivo, usuario_modifica, id_linea, usuario_crea, fecha_crea ) values ( 'nombre8', '2014-01-01 00:00:00', 'ESTADOENUM_1', 8, 'usuario_modifica8', 8, 'usuario_crea8', '2014-01-01 00:00:00' );
insert into mgs_linea( nombre, fecha_modifica, estado, id_objetivo, usuario_modifica, id_linea, usuario_crea, fecha_crea ) values ( 'nombre9', '2014-01-01 00:00:00', 'ESTADOENUM_1', 9, 'usuario_modifica9', 9, 'usuario_crea9', '2014-01-01 00:00:00' );

-- Tabla mgs_indicador_objetivo
insert into mgs_indicador_objetivo( id_objetivo, id_indicador, resultado, meta ) values ( 0, 0, 'resultado0', 'meta0' );
insert into mgs_indicador_objetivo( id_objetivo, id_indicador, resultado, meta ) values ( 1, 1, 'resultado1', 'meta1' );
insert into mgs_indicador_objetivo( id_objetivo, id_indicador, resultado, meta ) values ( 2, 2, 'resultado2', 'meta2' );
insert into mgs_indicador_objetivo( id_objetivo, id_indicador, resultado, meta ) values ( 3, 3, 'resultado3', 'meta3' );
insert into mgs_indicador_objetivo( id_objetivo, id_indicador, resultado, meta ) values ( 4, 4, 'resultado4', 'meta4' );
insert into mgs_indicador_objetivo( id_objetivo, id_indicador, resultado, meta ) values ( 5, 5, 'resultado5', 'meta5' );
insert into mgs_indicador_objetivo( id_objetivo, id_indicador, resultado, meta ) values ( 6, 6, 'resultado6', 'meta6' );
insert into mgs_indicador_objetivo( id_objetivo, id_indicador, resultado, meta ) values ( 7, 7, 'resultado7', 'meta7' );
insert into mgs_indicador_objetivo( id_objetivo, id_indicador, resultado, meta ) values ( 8, 8, 'resultado8', 'meta8' );
insert into mgs_indicador_objetivo( id_objetivo, id_indicador, resultado, meta ) values ( 9, 9, 'resultado9', 'meta9' );

-- Tabla mgs_objetivo_iniciativa
insert into mgs_objetivo_iniciativa( id_objetivo, id_usuario_resp, id_iniciativa ) values ( 0, 0, 0 );
insert into mgs_objetivo_iniciativa( id_objetivo, id_usuario_resp, id_iniciativa ) values ( 1, 1, 1 );
insert into mgs_objetivo_iniciativa( id_objetivo, id_usuario_resp, id_iniciativa ) values ( 2, 2, 2 );
insert into mgs_objetivo_iniciativa( id_objetivo, id_usuario_resp, id_iniciativa ) values ( 3, 3, 3 );
insert into mgs_objetivo_iniciativa( id_objetivo, id_usuario_resp, id_iniciativa ) values ( 4, 4, 4 );
insert into mgs_objetivo_iniciativa( id_objetivo, id_usuario_resp, id_iniciativa ) values ( 5, 5, 5 );
insert into mgs_objetivo_iniciativa( id_objetivo, id_usuario_resp, id_iniciativa ) values ( 6, 6, 6 );
insert into mgs_objetivo_iniciativa( id_objetivo, id_usuario_resp, id_iniciativa ) values ( 7, 7, 7 );
insert into mgs_objetivo_iniciativa( id_objetivo, id_usuario_resp, id_iniciativa ) values ( 8, 8, 8 );
insert into mgs_objetivo_iniciativa( id_objetivo, id_usuario_resp, id_iniciativa ) values ( 9, 9, 9 );

-- Tabla mgs_lider_territorio
insert into mgs_lider_territorio( id_lider, id_territorio ) values ( 0, 0 );
insert into mgs_lider_territorio( id_lider, id_territorio ) values ( 1, 1 );
insert into mgs_lider_territorio( id_lider, id_territorio ) values ( 2, 2 );
insert into mgs_lider_territorio( id_lider, id_territorio ) values ( 3, 3 );
insert into mgs_lider_territorio( id_lider, id_territorio ) values ( 4, 4 );
insert into mgs_lider_territorio( id_lider, id_territorio ) values ( 5, 5 );
insert into mgs_lider_territorio( id_lider, id_territorio ) values ( 6, 6 );
insert into mgs_lider_territorio( id_lider, id_territorio ) values ( 7, 7 );
insert into mgs_lider_territorio( id_lider, id_territorio ) values ( 8, 8 );
insert into mgs_lider_territorio( id_lider, id_territorio ) values ( 9, 9 );

-- Tabla mgs_traza_actividad
insert into mgs_traza_actividad( fecha, usuario, estado_actividad, id_actividad, id_traza ) values ( '2014-01-01 00:00:00', 'usuario0', 'estado_actividad0', 0, 0 );
insert into mgs_traza_actividad( fecha, usuario, estado_actividad, id_actividad, id_traza ) values ( '2014-01-01 00:00:00', 'usuario1', 'estado_actividad1', 1, 1 );
insert into mgs_traza_actividad( fecha, usuario, estado_actividad, id_actividad, id_traza ) values ( '2014-01-01 00:00:00', 'usuario2', 'estado_actividad2', 2, 2 );
insert into mgs_traza_actividad( fecha, usuario, estado_actividad, id_actividad, id_traza ) values ( '2014-01-01 00:00:00', 'usuario3', 'estado_actividad3', 3, 3 );
insert into mgs_traza_actividad( fecha, usuario, estado_actividad, id_actividad, id_traza ) values ( '2014-01-01 00:00:00', 'usuario4', 'estado_actividad4', 4, 4 );
insert into mgs_traza_actividad( fecha, usuario, estado_actividad, id_actividad, id_traza ) values ( '2014-01-01 00:00:00', 'usuario5', 'estado_actividad5', 5, 5 );
insert into mgs_traza_actividad( fecha, usuario, estado_actividad, id_actividad, id_traza ) values ( '2014-01-01 00:00:00', 'usuario6', 'estado_actividad6', 6, 6 );
insert into mgs_traza_actividad( fecha, usuario, estado_actividad, id_actividad, id_traza ) values ( '2014-01-01 00:00:00', 'usuario7', 'estado_actividad7', 7, 7 );
insert into mgs_traza_actividad( fecha, usuario, estado_actividad, id_actividad, id_traza ) values ( '2014-01-01 00:00:00', 'usuario8', 'estado_actividad8', 8, 8 );
insert into mgs_traza_actividad( fecha, usuario, estado_actividad, id_actividad, id_traza ) values ( '2014-01-01 00:00:00', 'usuario9', 'estado_actividad9', 9, 9 );

-- Tabla mgs_proyecto
insert into mgs_proyecto( nombre, fecha_modifica, estado, id_p_rol_fundacion, usuario_modifica, usuario_crea, id_usuario_resp, id_iniciativa, fecha_crea, ppto, poblacion_beneficiaria, duracion, id_proyecto ) values ( 'nombre0', '2014-01-01 00:00:00', 'ESTADOENUM_1', 0, 'usuario_modifica0', 'usuario_crea0', 0, 0, '2014-01-01 00:00:00', 0, 'poblacion_beneficiaria0', 0, 0 );
insert into mgs_proyecto( nombre, fecha_modifica, estado, id_p_rol_fundacion, usuario_modifica, usuario_crea, id_usuario_resp, id_iniciativa, fecha_crea, ppto, poblacion_beneficiaria, duracion, id_proyecto ) values ( 'nombre1', '2014-01-01 00:00:00', 'ESTADOENUM_1', 1, 'usuario_modifica1', 'usuario_crea1', 1, 1, '2014-01-01 00:00:00', 1, 'poblacion_beneficiaria1', 1, 1 );
insert into mgs_proyecto( nombre, fecha_modifica, estado, id_p_rol_fundacion, usuario_modifica, usuario_crea, id_usuario_resp, id_iniciativa, fecha_crea, ppto, poblacion_beneficiaria, duracion, id_proyecto ) values ( 'nombre2', '2014-01-01 00:00:00', 'ESTADOENUM_1', 2, 'usuario_modifica2', 'usuario_crea2', 2, 2, '2014-01-01 00:00:00', 2, 'poblacion_beneficiaria2', 2, 2 );
insert into mgs_proyecto( nombre, fecha_modifica, estado, id_p_rol_fundacion, usuario_modifica, usuario_crea, id_usuario_resp, id_iniciativa, fecha_crea, ppto, poblacion_beneficiaria, duracion, id_proyecto ) values ( 'nombre3', '2014-01-01 00:00:00', 'ESTADOENUM_1', 3, 'usuario_modifica3', 'usuario_crea3', 3, 3, '2014-01-01 00:00:00', 3, 'poblacion_beneficiaria3', 3, 3 );
insert into mgs_proyecto( nombre, fecha_modifica, estado, id_p_rol_fundacion, usuario_modifica, usuario_crea, id_usuario_resp, id_iniciativa, fecha_crea, ppto, poblacion_beneficiaria, duracion, id_proyecto ) values ( 'nombre4', '2014-01-01 00:00:00', 'ESTADOENUM_1', 4, 'usuario_modifica4', 'usuario_crea4', 4, 4, '2014-01-01 00:00:00', 4, 'poblacion_beneficiaria4', 4, 4 );
insert into mgs_proyecto( nombre, fecha_modifica, estado, id_p_rol_fundacion, usuario_modifica, usuario_crea, id_usuario_resp, id_iniciativa, fecha_crea, ppto, poblacion_beneficiaria, duracion, id_proyecto ) values ( 'nombre5', '2014-01-01 00:00:00', 'ESTADOENUM_1', 5, 'usuario_modifica5', 'usuario_crea5', 5, 5, '2014-01-01 00:00:00', 5, 'poblacion_beneficiaria5', 5, 5 );
insert into mgs_proyecto( nombre, fecha_modifica, estado, id_p_rol_fundacion, usuario_modifica, usuario_crea, id_usuario_resp, id_iniciativa, fecha_crea, ppto, poblacion_beneficiaria, duracion, id_proyecto ) values ( 'nombre6', '2014-01-01 00:00:00', 'ESTADOENUM_1', 6, 'usuario_modifica6', 'usuario_crea6', 6, 6, '2014-01-01 00:00:00', 6, 'poblacion_beneficiaria6', 6, 6 );
insert into mgs_proyecto( nombre, fecha_modifica, estado, id_p_rol_fundacion, usuario_modifica, usuario_crea, id_usuario_resp, id_iniciativa, fecha_crea, ppto, poblacion_beneficiaria, duracion, id_proyecto ) values ( 'nombre7', '2014-01-01 00:00:00', 'ESTADOENUM_1', 7, 'usuario_modifica7', 'usuario_crea7', 7, 7, '2014-01-01 00:00:00', 7, 'poblacion_beneficiaria7', 7, 7 );
insert into mgs_proyecto( nombre, fecha_modifica, estado, id_p_rol_fundacion, usuario_modifica, usuario_crea, id_usuario_resp, id_iniciativa, fecha_crea, ppto, poblacion_beneficiaria, duracion, id_proyecto ) values ( 'nombre8', '2014-01-01 00:00:00', 'ESTADOENUM_1', 8, 'usuario_modifica8', 'usuario_crea8', 8, 8, '2014-01-01 00:00:00', 8, 'poblacion_beneficiaria8', 8, 8 );
insert into mgs_proyecto( nombre, fecha_modifica, estado, id_p_rol_fundacion, usuario_modifica, usuario_crea, id_usuario_resp, id_iniciativa, fecha_crea, ppto, poblacion_beneficiaria, duracion, id_proyecto ) values ( 'nombre9', '2014-01-01 00:00:00', 'ESTADOENUM_1', 9, 'usuario_modifica9', 'usuario_crea9', 9, 9, '2014-01-01 00:00:00', 9, 'poblacion_beneficiaria9', 9, 9 );

-- Tabla mgs_proyecto_beneficiario
insert into mgs_proyecto_beneficiario( id_proy_beneficiario, id_beneficiario, id_proyecto ) values ( 0, 0, 0 );
insert into mgs_proyecto_beneficiario( id_proy_beneficiario, id_beneficiario, id_proyecto ) values ( 1, 1, 1 );
insert into mgs_proyecto_beneficiario( id_proy_beneficiario, id_beneficiario, id_proyecto ) values ( 2, 2, 2 );
insert into mgs_proyecto_beneficiario( id_proy_beneficiario, id_beneficiario, id_proyecto ) values ( 3, 3, 3 );
insert into mgs_proyecto_beneficiario( id_proy_beneficiario, id_beneficiario, id_proyecto ) values ( 4, 4, 4 );
insert into mgs_proyecto_beneficiario( id_proy_beneficiario, id_beneficiario, id_proyecto ) values ( 5, 5, 5 );
insert into mgs_proyecto_beneficiario( id_proy_beneficiario, id_beneficiario, id_proyecto ) values ( 6, 6, 6 );
insert into mgs_proyecto_beneficiario( id_proy_beneficiario, id_beneficiario, id_proyecto ) values ( 7, 7, 7 );
insert into mgs_proyecto_beneficiario( id_proy_beneficiario, id_beneficiario, id_proyecto ) values ( 8, 8, 8 );
insert into mgs_proyecto_beneficiario( id_proy_beneficiario, id_beneficiario, id_proyecto ) values ( 9, 9, 9 );

-- Tabla mgs_proyecto_territorio
insert into mgs_proyecto_territorio( id_territorio, id_proyecto ) values ( 0, 0 );
insert into mgs_proyecto_territorio( id_territorio, id_proyecto ) values ( 1, 1 );
insert into mgs_proyecto_territorio( id_territorio, id_proyecto ) values ( 2, 2 );
insert into mgs_proyecto_territorio( id_territorio, id_proyecto ) values ( 3, 3 );
insert into mgs_proyecto_territorio( id_territorio, id_proyecto ) values ( 4, 4 );
insert into mgs_proyecto_territorio( id_territorio, id_proyecto ) values ( 5, 5 );
insert into mgs_proyecto_territorio( id_territorio, id_proyecto ) values ( 6, 6 );
insert into mgs_proyecto_territorio( id_territorio, id_proyecto ) values ( 7, 7 );
insert into mgs_proyecto_territorio( id_territorio, id_proyecto ) values ( 8, 8 );
insert into mgs_proyecto_territorio( id_territorio, id_proyecto ) values ( 9, 9 );

-- Tabla mgs_traza_presupuesto
insert into mgs_traza_presupuesto( anio, fecha_modifica, estado, id_traza_ppto, usuario_modifica, id_linea, usuario_crea, presupuesto_ejecutado, fecha_crea, presupuesto_planeado ) values ( 0, '2014-01-01 00:00:00', 'ESTADOENUM_1', 0, 'usuario_modifica0', 0, 'usuario_crea0', 0, '2014-01-01 00:00:00', 0 );
insert into mgs_traza_presupuesto( anio, fecha_modifica, estado, id_traza_ppto, usuario_modifica, id_linea, usuario_crea, presupuesto_ejecutado, fecha_crea, presupuesto_planeado ) values ( 1, '2014-01-01 00:00:00', 'ESTADOENUM_1', 1, 'usuario_modifica1', 1, 'usuario_crea1', 1, '2014-01-01 00:00:00', 1 );
insert into mgs_traza_presupuesto( anio, fecha_modifica, estado, id_traza_ppto, usuario_modifica, id_linea, usuario_crea, presupuesto_ejecutado, fecha_crea, presupuesto_planeado ) values ( 2, '2014-01-01 00:00:00', 'ESTADOENUM_1', 2, 'usuario_modifica2', 2, 'usuario_crea2', 2, '2014-01-01 00:00:00', 2 );
insert into mgs_traza_presupuesto( anio, fecha_modifica, estado, id_traza_ppto, usuario_modifica, id_linea, usuario_crea, presupuesto_ejecutado, fecha_crea, presupuesto_planeado ) values ( 3, '2014-01-01 00:00:00', 'ESTADOENUM_1', 3, 'usuario_modifica3', 3, 'usuario_crea3', 3, '2014-01-01 00:00:00', 3 );
insert into mgs_traza_presupuesto( anio, fecha_modifica, estado, id_traza_ppto, usuario_modifica, id_linea, usuario_crea, presupuesto_ejecutado, fecha_crea, presupuesto_planeado ) values ( 4, '2014-01-01 00:00:00', 'ESTADOENUM_1', 4, 'usuario_modifica4', 4, 'usuario_crea4', 4, '2014-01-01 00:00:00', 4 );
insert into mgs_traza_presupuesto( anio, fecha_modifica, estado, id_traza_ppto, usuario_modifica, id_linea, usuario_crea, presupuesto_ejecutado, fecha_crea, presupuesto_planeado ) values ( 5, '2014-01-01 00:00:00', 'ESTADOENUM_1', 5, 'usuario_modifica5', 5, 'usuario_crea5', 5, '2014-01-01 00:00:00', 5 );
insert into mgs_traza_presupuesto( anio, fecha_modifica, estado, id_traza_ppto, usuario_modifica, id_linea, usuario_crea, presupuesto_ejecutado, fecha_crea, presupuesto_planeado ) values ( 6, '2014-01-01 00:00:00', 'ESTADOENUM_1', 6, 'usuario_modifica6', 6, 'usuario_crea6', 6, '2014-01-01 00:00:00', 6 );
insert into mgs_traza_presupuesto( anio, fecha_modifica, estado, id_traza_ppto, usuario_modifica, id_linea, usuario_crea, presupuesto_ejecutado, fecha_crea, presupuesto_planeado ) values ( 7, '2014-01-01 00:00:00', 'ESTADOENUM_1', 7, 'usuario_modifica7', 7, 'usuario_crea7', 7, '2014-01-01 00:00:00', 7 );
insert into mgs_traza_presupuesto( anio, fecha_modifica, estado, id_traza_ppto, usuario_modifica, id_linea, usuario_crea, presupuesto_ejecutado, fecha_crea, presupuesto_planeado ) values ( 8, '2014-01-01 00:00:00', 'ESTADOENUM_1', 8, 'usuario_modifica8', 8, 'usuario_crea8', 8, '2014-01-01 00:00:00', 8 );
insert into mgs_traza_presupuesto( anio, fecha_modifica, estado, id_traza_ppto, usuario_modifica, id_linea, usuario_crea, presupuesto_ejecutado, fecha_crea, presupuesto_planeado ) values ( 9, '2014-01-01 00:00:00', 'ESTADOENUM_1', 9, 'usuario_modifica9', 9, 'usuario_crea9', 9, '2014-01-01 00:00:00', 9 );

-- Tabla mgs_componente_proyecto
insert into mgs_componente_proyecto( id_componente, id_proyecto ) values ( 0, 0 );
insert into mgs_componente_proyecto( id_componente, id_proyecto ) values ( 1, 1 );
insert into mgs_componente_proyecto( id_componente, id_proyecto ) values ( 2, 2 );
insert into mgs_componente_proyecto( id_componente, id_proyecto ) values ( 3, 3 );
insert into mgs_componente_proyecto( id_componente, id_proyecto ) values ( 4, 4 );
insert into mgs_componente_proyecto( id_componente, id_proyecto ) values ( 5, 5 );
insert into mgs_componente_proyecto( id_componente, id_proyecto ) values ( 6, 6 );
insert into mgs_componente_proyecto( id_componente, id_proyecto ) values ( 7, 7 );
insert into mgs_componente_proyecto( id_componente, id_proyecto ) values ( 8, 8 );
insert into mgs_componente_proyecto( id_componente, id_proyecto ) values ( 9, 9 );

-- Tabla mgs_documento_adjunto
insert into mgs_documento_adjunto( nombre, fecha_modifica, estado, id_documento, usuario_modifica, descripcion, usuario_crea, fecha_crea, id_proyecto ) values ( 'nombre0', '2014-01-01 00:00:00', 'ESTADOENUM_1', 0, 'usuario_modifica0', 'descripcion0', 'usuario_crea0', '2014-01-01 00:00:00', 0 );
insert into mgs_documento_adjunto( nombre, fecha_modifica, estado, id_documento, usuario_modifica, descripcion, usuario_crea, fecha_crea, id_proyecto ) values ( 'nombre1', '2014-01-01 00:00:00', 'ESTADOENUM_1', 1, 'usuario_modifica1', 'descripcion1', 'usuario_crea1', '2014-01-01 00:00:00', 1 );
insert into mgs_documento_adjunto( nombre, fecha_modifica, estado, id_documento, usuario_modifica, descripcion, usuario_crea, fecha_crea, id_proyecto ) values ( 'nombre2', '2014-01-01 00:00:00', 'ESTADOENUM_1', 2, 'usuario_modifica2', 'descripcion2', 'usuario_crea2', '2014-01-01 00:00:00', 2 );
insert into mgs_documento_adjunto( nombre, fecha_modifica, estado, id_documento, usuario_modifica, descripcion, usuario_crea, fecha_crea, id_proyecto ) values ( 'nombre3', '2014-01-01 00:00:00', 'ESTADOENUM_1', 3, 'usuario_modifica3', 'descripcion3', 'usuario_crea3', '2014-01-01 00:00:00', 3 );
insert into mgs_documento_adjunto( nombre, fecha_modifica, estado, id_documento, usuario_modifica, descripcion, usuario_crea, fecha_crea, id_proyecto ) values ( 'nombre4', '2014-01-01 00:00:00', 'ESTADOENUM_1', 4, 'usuario_modifica4', 'descripcion4', 'usuario_crea4', '2014-01-01 00:00:00', 4 );
insert into mgs_documento_adjunto( nombre, fecha_modifica, estado, id_documento, usuario_modifica, descripcion, usuario_crea, fecha_crea, id_proyecto ) values ( 'nombre5', '2014-01-01 00:00:00', 'ESTADOENUM_1', 5, 'usuario_modifica5', 'descripcion5', 'usuario_crea5', '2014-01-01 00:00:00', 5 );
insert into mgs_documento_adjunto( nombre, fecha_modifica, estado, id_documento, usuario_modifica, descripcion, usuario_crea, fecha_crea, id_proyecto ) values ( 'nombre6', '2014-01-01 00:00:00', 'ESTADOENUM_1', 6, 'usuario_modifica6', 'descripcion6', 'usuario_crea6', '2014-01-01 00:00:00', 6 );
insert into mgs_documento_adjunto( nombre, fecha_modifica, estado, id_documento, usuario_modifica, descripcion, usuario_crea, fecha_crea, id_proyecto ) values ( 'nombre7', '2014-01-01 00:00:00', 'ESTADOENUM_1', 7, 'usuario_modifica7', 'descripcion7', 'usuario_crea7', '2014-01-01 00:00:00', 7 );
insert into mgs_documento_adjunto( nombre, fecha_modifica, estado, id_documento, usuario_modifica, descripcion, usuario_crea, fecha_crea, id_proyecto ) values ( 'nombre8', '2014-01-01 00:00:00', 'ESTADOENUM_1', 8, 'usuario_modifica8', 'descripcion8', 'usuario_crea8', '2014-01-01 00:00:00', 8 );
insert into mgs_documento_adjunto( nombre, fecha_modifica, estado, id_documento, usuario_modifica, descripcion, usuario_crea, fecha_crea, id_proyecto ) values ( 'nombre9', '2014-01-01 00:00:00', 'ESTADOENUM_1', 9, 'usuario_modifica9', 'descripcion9', 'usuario_crea9', '2014-01-01 00:00:00', 9 );

-- Tabla mgs_indicador_proyecto
insert into mgs_indicador_proyecto( id_indicador, id_proyecto ) values ( 0, 0 );
insert into mgs_indicador_proyecto( id_indicador, id_proyecto ) values ( 1, 1 );
insert into mgs_indicador_proyecto( id_indicador, id_proyecto ) values ( 2, 2 );
insert into mgs_indicador_proyecto( id_indicador, id_proyecto ) values ( 3, 3 );
insert into mgs_indicador_proyecto( id_indicador, id_proyecto ) values ( 4, 4 );
insert into mgs_indicador_proyecto( id_indicador, id_proyecto ) values ( 5, 5 );
insert into mgs_indicador_proyecto( id_indicador, id_proyecto ) values ( 6, 6 );
insert into mgs_indicador_proyecto( id_indicador, id_proyecto ) values ( 7, 7 );
insert into mgs_indicador_proyecto( id_indicador, id_proyecto ) values ( 8, 8 );
insert into mgs_indicador_proyecto( id_indicador, id_proyecto ) values ( 9, 9 );

-- Tabla mgs_aliado
insert into mgs_aliado( id_p_tipo_aliado, fecha_modifica, id_entidad, estado, id_aliado, usuario_modifica, usuario_crea, fecha_crea, id_proyecto ) values ( 0, '2014-01-01 00:00:00', 0, 'ESTADOENUM_1', 0, 'usuario_modifica0', 'usuario_crea0', '2014-01-01 00:00:00', 0 );
insert into mgs_aliado( id_p_tipo_aliado, fecha_modifica, id_entidad, estado, id_aliado, usuario_modifica, usuario_crea, fecha_crea, id_proyecto ) values ( 1, '2014-01-01 00:00:00', 1, 'ESTADOENUM_1', 1, 'usuario_modifica1', 'usuario_crea1', '2014-01-01 00:00:00', 1 );
insert into mgs_aliado( id_p_tipo_aliado, fecha_modifica, id_entidad, estado, id_aliado, usuario_modifica, usuario_crea, fecha_crea, id_proyecto ) values ( 2, '2014-01-01 00:00:00', 2, 'ESTADOENUM_1', 2, 'usuario_modifica2', 'usuario_crea2', '2014-01-01 00:00:00', 2 );
insert into mgs_aliado( id_p_tipo_aliado, fecha_modifica, id_entidad, estado, id_aliado, usuario_modifica, usuario_crea, fecha_crea, id_proyecto ) values ( 3, '2014-01-01 00:00:00', 3, 'ESTADOENUM_1', 3, 'usuario_modifica3', 'usuario_crea3', '2014-01-01 00:00:00', 3 );
insert into mgs_aliado( id_p_tipo_aliado, fecha_modifica, id_entidad, estado, id_aliado, usuario_modifica, usuario_crea, fecha_crea, id_proyecto ) values ( 4, '2014-01-01 00:00:00', 4, 'ESTADOENUM_1', 4, 'usuario_modifica4', 'usuario_crea4', '2014-01-01 00:00:00', 4 );
insert into mgs_aliado( id_p_tipo_aliado, fecha_modifica, id_entidad, estado, id_aliado, usuario_modifica, usuario_crea, fecha_crea, id_proyecto ) values ( 5, '2014-01-01 00:00:00', 5, 'ESTADOENUM_1', 5, 'usuario_modifica5', 'usuario_crea5', '2014-01-01 00:00:00', 5 );
insert into mgs_aliado( id_p_tipo_aliado, fecha_modifica, id_entidad, estado, id_aliado, usuario_modifica, usuario_crea, fecha_crea, id_proyecto ) values ( 6, '2014-01-01 00:00:00', 6, 'ESTADOENUM_1', 6, 'usuario_modifica6', 'usuario_crea6', '2014-01-01 00:00:00', 6 );
insert into mgs_aliado( id_p_tipo_aliado, fecha_modifica, id_entidad, estado, id_aliado, usuario_modifica, usuario_crea, fecha_crea, id_proyecto ) values ( 7, '2014-01-01 00:00:00', 7, 'ESTADOENUM_1', 7, 'usuario_modifica7', 'usuario_crea7', '2014-01-01 00:00:00', 7 );
insert into mgs_aliado( id_p_tipo_aliado, fecha_modifica, id_entidad, estado, id_aliado, usuario_modifica, usuario_crea, fecha_crea, id_proyecto ) values ( 8, '2014-01-01 00:00:00', 8, 'ESTADOENUM_1', 8, 'usuario_modifica8', 'usuario_crea8', '2014-01-01 00:00:00', 8 );
insert into mgs_aliado( id_p_tipo_aliado, fecha_modifica, id_entidad, estado, id_aliado, usuario_modifica, usuario_crea, fecha_crea, id_proyecto ) values ( 9, '2014-01-01 00:00:00', 9, 'ESTADOENUM_1', 9, 'usuario_modifica9', 'usuario_crea9', '2014-01-01 00:00:00', 9 );

-- Tabla mgs_dato_adicional
insert into mgs_dato_adicional( nombre_dato, id_dato_adicional, id_proyecto ) values ( 'nombre_dato0', 0, 0 );
insert into mgs_dato_adicional( nombre_dato, id_dato_adicional, id_proyecto ) values ( 'nombre_dato1', 1, 1 );
insert into mgs_dato_adicional( nombre_dato, id_dato_adicional, id_proyecto ) values ( 'nombre_dato2', 2, 2 );
insert into mgs_dato_adicional( nombre_dato, id_dato_adicional, id_proyecto ) values ( 'nombre_dato3', 3, 3 );
insert into mgs_dato_adicional( nombre_dato, id_dato_adicional, id_proyecto ) values ( 'nombre_dato4', 4, 4 );
insert into mgs_dato_adicional( nombre_dato, id_dato_adicional, id_proyecto ) values ( 'nombre_dato5', 5, 5 );
insert into mgs_dato_adicional( nombre_dato, id_dato_adicional, id_proyecto ) values ( 'nombre_dato6', 6, 6 );
insert into mgs_dato_adicional( nombre_dato, id_dato_adicional, id_proyecto ) values ( 'nombre_dato7', 7, 7 );
insert into mgs_dato_adicional( nombre_dato, id_dato_adicional, id_proyecto ) values ( 'nombre_dato8', 8, 8 );
insert into mgs_dato_adicional( nombre_dato, id_dato_adicional, id_proyecto ) values ( 'nombre_dato9', 9, 9 );

-- Tabla mgs_asistente
insert into mgs_asistente( fecha_modifica, estado, usuario_modifica, id_proy_beneficiario, usuario_crea, fecha_crea, id_asistente, id_actividad ) values ( '2014-01-01 00:00:00', 'ESTADOENUM_1', 'usuario_modifica0', 0, 'usuario_crea0', '2014-01-01 00:00:00', 0, 0 );
insert into mgs_asistente( fecha_modifica, estado, usuario_modifica, id_proy_beneficiario, usuario_crea, fecha_crea, id_asistente, id_actividad ) values ( '2014-01-01 00:00:00', 'ESTADOENUM_1', 'usuario_modifica1', 1, 'usuario_crea1', '2014-01-01 00:00:00', 1, 1 );
insert into mgs_asistente( fecha_modifica, estado, usuario_modifica, id_proy_beneficiario, usuario_crea, fecha_crea, id_asistente, id_actividad ) values ( '2014-01-01 00:00:00', 'ESTADOENUM_1', 'usuario_modifica2', 2, 'usuario_crea2', '2014-01-01 00:00:00', 2, 2 );
insert into mgs_asistente( fecha_modifica, estado, usuario_modifica, id_proy_beneficiario, usuario_crea, fecha_crea, id_asistente, id_actividad ) values ( '2014-01-01 00:00:00', 'ESTADOENUM_1', 'usuario_modifica3', 3, 'usuario_crea3', '2014-01-01 00:00:00', 3, 3 );
insert into mgs_asistente( fecha_modifica, estado, usuario_modifica, id_proy_beneficiario, usuario_crea, fecha_crea, id_asistente, id_actividad ) values ( '2014-01-01 00:00:00', 'ESTADOENUM_1', 'usuario_modifica4', 4, 'usuario_crea4', '2014-01-01 00:00:00', 4, 4 );
insert into mgs_asistente( fecha_modifica, estado, usuario_modifica, id_proy_beneficiario, usuario_crea, fecha_crea, id_asistente, id_actividad ) values ( '2014-01-01 00:00:00', 'ESTADOENUM_1', 'usuario_modifica5', 5, 'usuario_crea5', '2014-01-01 00:00:00', 5, 5 );
insert into mgs_asistente( fecha_modifica, estado, usuario_modifica, id_proy_beneficiario, usuario_crea, fecha_crea, id_asistente, id_actividad ) values ( '2014-01-01 00:00:00', 'ESTADOENUM_1', 'usuario_modifica6', 6, 'usuario_crea6', '2014-01-01 00:00:00', 6, 6 );
insert into mgs_asistente( fecha_modifica, estado, usuario_modifica, id_proy_beneficiario, usuario_crea, fecha_crea, id_asistente, id_actividad ) values ( '2014-01-01 00:00:00', 'ESTADOENUM_1', 'usuario_modifica7', 7, 'usuario_crea7', '2014-01-01 00:00:00', 7, 7 );
insert into mgs_asistente( fecha_modifica, estado, usuario_modifica, id_proy_beneficiario, usuario_crea, fecha_crea, id_asistente, id_actividad ) values ( '2014-01-01 00:00:00', 'ESTADOENUM_1', 'usuario_modifica8', 8, 'usuario_crea8', '2014-01-01 00:00:00', 8, 8 );
insert into mgs_asistente( fecha_modifica, estado, usuario_modifica, id_proy_beneficiario, usuario_crea, fecha_crea, id_asistente, id_actividad ) values ( '2014-01-01 00:00:00', 'ESTADOENUM_1', 'usuario_modifica9', 9, 'usuario_crea9', '2014-01-01 00:00:00', 9, 9 );

-- Tabla mgs_valor_dato_adicional
insert into mgs_valor_dato_adicional( fecha_modifica, estado, valor, usuario_modifica, id_valor_dato, usuario_crea, id_dato_adicional, fecha_crea, id_beneficiario ) values ( '2014-01-01 00:00:00', 'ESTADOENUM_1', 'valor0', 'usuario_modifica0', 0, 'usuario_crea0', 0, '2014-01-01 00:00:00', 0 );
insert into mgs_valor_dato_adicional( fecha_modifica, estado, valor, usuario_modifica, id_valor_dato, usuario_crea, id_dato_adicional, fecha_crea, id_beneficiario ) values ( '2014-01-01 00:00:00', 'ESTADOENUM_1', 'valor1', 'usuario_modifica1', 1, 'usuario_crea1', 1, '2014-01-01 00:00:00', 1 );
insert into mgs_valor_dato_adicional( fecha_modifica, estado, valor, usuario_modifica, id_valor_dato, usuario_crea, id_dato_adicional, fecha_crea, id_beneficiario ) values ( '2014-01-01 00:00:00', 'ESTADOENUM_1', 'valor2', 'usuario_modifica2', 2, 'usuario_crea2', 2, '2014-01-01 00:00:00', 2 );
insert into mgs_valor_dato_adicional( fecha_modifica, estado, valor, usuario_modifica, id_valor_dato, usuario_crea, id_dato_adicional, fecha_crea, id_beneficiario ) values ( '2014-01-01 00:00:00', 'ESTADOENUM_1', 'valor3', 'usuario_modifica3', 3, 'usuario_crea3', 3, '2014-01-01 00:00:00', 3 );
insert into mgs_valor_dato_adicional( fecha_modifica, estado, valor, usuario_modifica, id_valor_dato, usuario_crea, id_dato_adicional, fecha_crea, id_beneficiario ) values ( '2014-01-01 00:00:00', 'ESTADOENUM_1', 'valor4', 'usuario_modifica4', 4, 'usuario_crea4', 4, '2014-01-01 00:00:00', 4 );
insert into mgs_valor_dato_adicional( fecha_modifica, estado, valor, usuario_modifica, id_valor_dato, usuario_crea, id_dato_adicional, fecha_crea, id_beneficiario ) values ( '2014-01-01 00:00:00', 'ESTADOENUM_1', 'valor5', 'usuario_modifica5', 5, 'usuario_crea5', 5, '2014-01-01 00:00:00', 5 );
insert into mgs_valor_dato_adicional( fecha_modifica, estado, valor, usuario_modifica, id_valor_dato, usuario_crea, id_dato_adicional, fecha_crea, id_beneficiario ) values ( '2014-01-01 00:00:00', 'ESTADOENUM_1', 'valor6', 'usuario_modifica6', 6, 'usuario_crea6', 6, '2014-01-01 00:00:00', 6 );
insert into mgs_valor_dato_adicional( fecha_modifica, estado, valor, usuario_modifica, id_valor_dato, usuario_crea, id_dato_adicional, fecha_crea, id_beneficiario ) values ( '2014-01-01 00:00:00', 'ESTADOENUM_1', 'valor7', 'usuario_modifica7', 7, 'usuario_crea7', 7, '2014-01-01 00:00:00', 7 );
insert into mgs_valor_dato_adicional( fecha_modifica, estado, valor, usuario_modifica, id_valor_dato, usuario_crea, id_dato_adicional, fecha_crea, id_beneficiario ) values ( '2014-01-01 00:00:00', 'ESTADOENUM_1', 'valor8', 'usuario_modifica8', 8, 'usuario_crea8', 8, '2014-01-01 00:00:00', 8 );
insert into mgs_valor_dato_adicional( fecha_modifica, estado, valor, usuario_modifica, id_valor_dato, usuario_crea, id_dato_adicional, fecha_crea, id_beneficiario ) values ( '2014-01-01 00:00:00', 'ESTADOENUM_1', 'valor9', 'usuario_modifica9', 9, 'usuario_crea9', 9, '2014-01-01 00:00:00', 9 );

